Modelo;Vulnerabilidade;TP;FP;FN;TN;Acuracia;Precisao;Recall;F1-Score
deepseek-r1-distill-llama-70b;...;0;125;0;0;0,0;0,0;0,0;0,0
deepseek-r1-distill-llama-70b;ALIASING;0;0;0;125;0,999999999992;0,0;0,0;0,0
deepseek-r1-distill-llama-70b;ARBITRARY_CODE_EXECUTION;0;0;0;125;0,999999999992;0,0;0,0;0,0
deepseek-r1-distill-llama-70b;ARRAY_INDEX_OUT_OF_BOUNDS;0;0;0;125;0,999999999992;0,0;0,0;0,0
deepseek-r1-distill-llama-70b;BUFFER_OVERFLOW/OUT_OF_BOUNDS_ACCESS;0;0;0;125;0,999999999992;0,0;0,0;0,0
deepseek-r1-distill-llama-70b;CLASS_LOADING;0;0;0;125;0,999999999992;0,0;0,0;0,0
deepseek-r1-distill-llama-70b;CODE_INJECTION;0;1;0;124;0,991999999992064;0,0;0,0;0,0
deepseek-r1-distill-llama-70b;COMMAND_INJECTION;0;0;0;125;0,999999999992;0,0;0,0;0,0
deepseek-r1-distill-llama-70b;COMMAND_INJECTION/ARBITRARY_CODE_EXECUTION;0;0;0;125;0,999999999992;0,0;0,0;0,0
deepseek-r1-distill-llama-70b;COMMAND_INJECTION/INSECURE_DIRECT_OBJECT_REFERENCE;0;0;0;125;0,999999999992;0,0;0,0;0,0
deepseek-r1-distill-llama-70b;COMMAND_INJECTION/LACK_OF_INPUT_VALIDATION;0;0;0;125;0,999999999992;0,0;0,0;0,0
deepseek-r1-distill-llama-70b;COMMAND_INJECTION_/_POTENTIAL_INFORMATION_DISCLOSURE;0;0;0;125;0,999999999992;0,0;0,0;0,0
deepseek-r1-distill-llama-70b;CONCURRENCY_ISSUE;0;2;0;123;0,983999999992128;0,0;0,0;0,0
deepseek-r1-distill-llama-70b;CROSS_SITE_SCRIPTING;0;64;0;61;0,487999999996096;0,0;0,0;0,0
deepseek-r1-distill-llama-70b;CROSS_SITE_SCRIPTING_(XSS);0;0;0;125;0,999999999992;0,0;0,0;0,0
deepseek-r1-distill-llama-70b;CWE_120;0;0;0;125;0,999999999992;0,0;0,0;0,0
deepseek-r1-distill-llama-70b;CWE_20;0;0;0;125;0,999999999992;0,0;0,0;0,0
deepseek-r1-distill-llama-70b;CWE_400;0;0;0;125;0,999999999992;0,0;0,0;0,0
deepseek-r1-distill-llama-70b;CWE_79;0;0;0;125;0,999999999992;0,0;0,0;0,0
deepseek-r1-distill-llama-70b;CWE_89;0;0;0;125;0,999999999992;0,0;0,0;0,0
deepseek-r1-distill-llama-70b;CWE_94;0;0;0;125;0,999999999992;0,0;0,0;0,0
deepseek-r1-distill-llama-70b;DATA_LEAK;0;0;0;125;0,999999999992;0,0;0,0;0,0
deepseek-r1-distill-llama-70b;DENIAL_OF_SERVICE;0;2;0;123;0,983999999992128;0,0;0,0;0,0
deepseek-r1-distill-llama-70b;DENIAL_OF_SERVICE_(DOS);0;0;0;125;0,999999999992;0,0;0,0;0,0
deepseek-r1-distill-llama-70b;DESERIALIZATION;0;0;0;125;0,999999999992;0,0;0,0;0,0
deepseek-r1-distill-llama-70b;DESERIALIZATION_VULNERABILITY;0;0;0;125;0,999999999992;0,0;0,0;0,0
deepseek-r1-distill-llama-70b;FACTORY;0;0;0;125;0,999999999992;0,0;0,0;0,0
deepseek-r1-distill-llama-70b;HARDCODED_CREDENTIALS;0;0;0;125;0,999999999992;0,0;0,0;0,0
deepseek-r1-distill-llama-70b;IMPROPER_ERROR_HANDLING;0;1;0;124;0,991999999992064;0,0;0,0;0,0
deepseek-r1-distill-llama-70b;IMPROPER_INPUT_HANDLING;0;2;0;123;0,983999999992128;0,0;0,0;0,0
deepseek-r1-distill-llama-70b;IMPROPER_INPUT_VALIDATION;0;1;0;124;0,991999999992064;0,0;0,0;0,0
deepseek-r1-distill-llama-70b;IMPROPER_SYNCHRONIZATION;0;1;0;124;0,991999999992064;0,0;0,0;0,0
deepseek-r1-distill-llama-70b;INFORMATION_DISCLOSURE;0;4;0;121;0,9679999999922559;0,0;0,0;0,0
deepseek-r1-distill-llama-70b;INFORMATION_EXPOSURE;0;1;0;124;0,991999999992064;0,0;0,0;0,0
deepseek-r1-distill-llama-70b;INFORMATION_LEAKAGE;0;2;0;123;0,983999999992128;0,0;0,0;0,0
deepseek-r1-distill-llama-70b;INJECTION;0;5;0;120;0,95999999999232;0,0;0,0;0,0
deepseek-r1-distill-llama-70b;INPUT_VALIDATION;0;2;0;123;0,983999999992128;0,0;0,0;0,0
deepseek-r1-distill-llama-70b;INSECURE_DATA_STORAGE;0;0;0;125;0,999999999992;0,0;0,0;0,0
deepseek-r1-distill-llama-70b;INSECURE_DIRECT_OBJECT_REFERENCE;0;0;0;125;0,999999999992;0,0;0,0;0,0
deepseek-r1-distill-llama-70b;INSECURE_HTTP_METHOD_HANDLING;0;0;0;125;0,999999999992;0,0;0,0;0,0
deepseek-r1-distill-llama-70b;INSECURE_STORAGE_OF_SENSITIVE_DATA;0;1;0;124;0,991999999992064;0,0;0,0;0,0
deepseek-r1-distill-llama-70b;INSECURE_USE_OF_SHARED_MUTABLE_STATE;0;1;0;124;0,991999999992064;0,0;0,0;0,0
deepseek-r1-distill-llama-70b;INSUFFICIENT_INPUT_VALIDATION;0;1;0;124;0,991999999992064;0,0;0,0;0,0
deepseek-r1-distill-llama-70b;NULL_POINTER_DEREFERENCE;0;0;0;125;0,999999999992;0,0;0,0;0,0
deepseek-r1-distill-llama-70b;OPEN_REDIRECT;0;1;0;124;0,991999999992064;0,0;0,0;0,0
deepseek-r1-distill-llama-70b;OUT_OF_BOUNDS;0;0;0;125;0,999999999992;0,0;0,0;0,0
deepseek-r1-distill-llama-70b;OUT_OF_BOUNDS_WRITE;0;0;0;125;0,999999999992;0,0;0,0;0,0
deepseek-r1-distill-llama-70b;PATH_SENSITIVITY;0;0;0;125;0,999999999992;0,0;0,0;0,0
deepseek-r1-distill-llama-70b;PATH_TRAVERSAL;0;3;0;122;0,975999999992192;0,0;0,0;0,0
deepseek-r1-distill-llama-70b;POTENTIAL_INFORMATION_DISCLOSURE_AND_CODE_INJECTION;0;0;0;125;0,999999999992;0,0;0,0;0,0
deepseek-r1-distill-llama-70b;POTENTIAL_INFORMATION_DISCLOSURE_OR_COMMAND_INJECTION;0;0;0;125;0,999999999992;0,0;0,0;0,0
deepseek-r1-distill-llama-70b;POTENTIAL_INFORMATION_DISCLOSURE_OR_INJECTION;0;0;0;125;0,999999999992;0,0;0,0;0,0
deepseek-r1-distill-llama-70b;POTENTIAL_NULL_POINTER_EXCEPTION_AND_COMMAND_INJECTION;0;0;0;125;0,999999999992;0,0;0,0;0,0
deepseek-r1-distill-llama-70b;RACE_CONDITION;0;1;0;124;0,991999999992064;0,0;0,0;0,0
deepseek-r1-distill-llama-70b;RECURSION;0;0;0;125;0,999999999992;0,0;0,0;0,0
deepseek-r1-distill-llama-70b;REDIRECT;0;2;0;123;0,983999999992128;0,0;0,0;0,0
deepseek-r1-distill-llama-70b;REFLECTED_CROSS_SITE_SCRIPTING_(XSS);0;0;0;125;0,999999999992;0,0;0,0;0,0
deepseek-r1-distill-llama-70b;REFLECTION;0;0;0;125;0,999999999992;0,0;0,0;0,0
deepseek-r1-distill-llama-70b;REMOTE_CODE_EXECUTION;0;0;0;125;0,999999999992;0,0;0,0;0,0
deepseek-r1-distill-llama-70b;REMOTE_CODE_EXECUTION_(RCE);0;0;0;125;0,999999999992;0,0;0,0;0,0
deepseek-r1-distill-llama-70b;REMOTE_CODE_INJECTION;0;0;0;125;0,999999999992;0,0;0,0;0,0
deepseek-r1-distill-llama-70b;SENSITIVE_DATA_EXPOSURE;0;0;0;125;0,999999999992;0,0;0,0;0,0
deepseek-r1-distill-llama-70b;SERVER_SIDE_REQUEST_FORGERY_(SSRF)_OR_REFLECTED_CROSS_SITE_SCRIPTING_(XSS);0;0;0;125;0,999999999992;0,0;0,0;0,0
deepseek-r1-distill-llama-70b;SESSION_FIXATION;0;1;0;124;0,991999999992064;0,0;0,0;0,0
deepseek-r1-distill-llama-70b;SQL_INJECTION;0;3;0;122;0,975999999992192;0,0;0,0;0,0
deepseek-r1-distill-llama-70b;SQL_INJECTION_/_COMMAND_INJECTION_IS_NOT_POSSIBLE_HERE,_BUT_IT_IS_A_POTENTIAL_DENIAL_OF_SERVICE_(DOS)_AND_INFORMATION_DISCLOSURE;0;0;0;125;0,999999999992;0,0;0,0;0,0
deepseek-r1-distill-llama-70b;STATIC_INITIALIZATION_VECTOR;0;0;0;125;0,999999999992;0,0;0,0;0,0
deepseek-r1-distill-llama-70b;THREAD_SAFETY;0;1;0;124;0,991999999992064;0,0;0,0;0,0
deepseek-r1-distill-llama-70b;THREAD_SYNCHRONIZATION;0;0;0;125;0,999999999992;0,0;0,0;0,0
deepseek-r1-distill-llama-70b;UNVALIDATED_REDIRECT;0;1;0;124;0,991999999992064;0,0;0,0;0,0
deepseek-r1-distill-llama-70b;XSS;0;64;0;61;0,487999999996096;0,0;0,0;0,0
deepseek-r1-distill-llama-70b;== GERAL (Micro Média) ==;0;293;0;8582;0,9669859154928487;0,0;0,0;0,0
gemma2-9b-it;...;0;125;0;0;0,0;0,0;0,0;0,0
gemma2-9b-it;ALIASING;0;0;0;125;0,999999999992;0,0;0,0;0,0
gemma2-9b-it;ARBITRARY_CODE_EXECUTION;0;0;0;125;0,999999999992;0,0;0,0;0,0
gemma2-9b-it;ARRAY_INDEX_OUT_OF_BOUNDS;0;0;0;125;0,999999999992;0,0;0,0;0,0
gemma2-9b-it;BUFFER_OVERFLOW/OUT_OF_BOUNDS_ACCESS;0;0;0;125;0,999999999992;0,0;0,0;0,0
gemma2-9b-it;CLASS_LOADING;0;0;0;125;0,999999999992;0,0;0,0;0,0
gemma2-9b-it;CODE_INJECTION;0;1;0;124;0,991999999992064;0,0;0,0;0,0
gemma2-9b-it;COMMAND_INJECTION;0;0;0;125;0,999999999992;0,0;0,0;0,0
gemma2-9b-it;COMMAND_INJECTION/ARBITRARY_CODE_EXECUTION;0;0;0;125;0,999999999992;0,0;0,0;0,0
gemma2-9b-it;COMMAND_INJECTION/INSECURE_DIRECT_OBJECT_REFERENCE;0;0;0;125;0,999999999992;0,0;0,0;0,0
gemma2-9b-it;COMMAND_INJECTION/LACK_OF_INPUT_VALIDATION;0;0;0;125;0,999999999992;0,0;0,0;0,0
gemma2-9b-it;COMMAND_INJECTION_/_POTENTIAL_INFORMATION_DISCLOSURE;0;0;0;125;0,999999999992;0,0;0,0;0,0
gemma2-9b-it;CONCURRENCY_ISSUE;0;0;0;125;0,999999999992;0,0;0,0;0,0
gemma2-9b-it;CROSS_SITE_SCRIPTING;0;29;0;96;0,7679999999938559;0,0;0,0;0,0
gemma2-9b-it;CROSS_SITE_SCRIPTING_(XSS);0;0;0;125;0,999999999992;0,0;0,0;0,0
gemma2-9b-it;CWE_120;0;0;0;125;0,999999999992;0,0;0,0;0,0
gemma2-9b-it;CWE_20;0;0;0;125;0,999999999992;0,0;0,0;0,0
gemma2-9b-it;CWE_400;0;0;0;125;0,999999999992;0,0;0,0;0,0
gemma2-9b-it;CWE_79;0;1;0;124;0,991999999992064;0,0;0,0;0,0
gemma2-9b-it;CWE_89;0;0;0;125;0,999999999992;0,0;0,0;0,0
gemma2-9b-it;CWE_94;0;0;0;125;0,999999999992;0,0;0,0;0,0
gemma2-9b-it;DATA_LEAK;0;0;0;125;0,999999999992;0,0;0,0;0,0
gemma2-9b-it;DENIAL_OF_SERVICE;0;2;0;123;0,983999999992128;0,0;0,0;0,0
gemma2-9b-it;DENIAL_OF_SERVICE_(DOS);0;0;0;125;0,999999999992;0,0;0,0;0,0
gemma2-9b-it;DESERIALIZATION;0;0;0;125;0,999999999992;0,0;0,0;0,0
gemma2-9b-it;DESERIALIZATION_VULNERABILITY;0;0;0;125;0,999999999992;0,0;0,0;0,0
gemma2-9b-it;FACTORY;0;0;0;125;0,999999999992;0,0;0,0;0,0
gemma2-9b-it;HARDCODED_CREDENTIALS;0;0;0;125;0,999999999992;0,0;0,0;0,0
gemma2-9b-it;IMPROPER_ERROR_HANDLING;0;0;0;125;0,999999999992;0,0;0,0;0,0
gemma2-9b-it;IMPROPER_INPUT_HANDLING;0;0;0;125;0,999999999992;0,0;0,0;0,0
gemma2-9b-it;IMPROPER_INPUT_VALIDATION;0;0;0;125;0,999999999992;0,0;0,0;0,0
gemma2-9b-it;IMPROPER_SYNCHRONIZATION;0;0;0;125;0,999999999992;0,0;0,0;0,0
gemma2-9b-it;INFORMATION_DISCLOSURE;0;8;0;117;0,9359999999925119;0,0;0,0;0,0
gemma2-9b-it;INFORMATION_EXPOSURE;0;0;0;125;0,999999999992;0,0;0,0;0,0
gemma2-9b-it;INFORMATION_LEAKAGE;0;0;0;125;0,999999999992;0,0;0,0;0,0
gemma2-9b-it;INJECTION;0;66;0;59;0,471999999996224;0,0;0,0;0,0
gemma2-9b-it;INPUT_VALIDATION;0;0;0;125;0,999999999992;0,0;0,0;0,0
gemma2-9b-it;INSECURE_DATA_STORAGE;0;0;0;125;0,999999999992;0,0;0,0;0,0
gemma2-9b-it;INSECURE_DIRECT_OBJECT_REFERENCE;0;0;0;125;0,999999999992;0,0;0,0;0,0
gemma2-9b-it;INSECURE_HTTP_METHOD_HANDLING;0;0;0;125;0,999999999992;0,0;0,0;0,0
gemma2-9b-it;INSECURE_STORAGE_OF_SENSITIVE_DATA;0;0;0;125;0,999999999992;0,0;0,0;0,0
gemma2-9b-it;INSECURE_USE_OF_SHARED_MUTABLE_STATE;0;0;0;125;0,999999999992;0,0;0,0;0,0
gemma2-9b-it;INSUFFICIENT_INPUT_VALIDATION;0;0;0;125;0,999999999992;0,0;0,0;0,0
gemma2-9b-it;NULL_POINTER_DEREFERENCE;0;1;0;124;0,991999999992064;0,0;0,0;0,0
gemma2-9b-it;OPEN_REDIRECT;0;0;0;125;0,999999999992;0,0;0,0;0,0
gemma2-9b-it;OUT_OF_BOUNDS;0;2;0;123;0,983999999992128;0,0;0,0;0,0
gemma2-9b-it;OUT_OF_BOUNDS_WRITE;0;1;0;124;0,991999999992064;0,0;0,0;0,0
gemma2-9b-it;PATH_SENSITIVITY;0;0;0;125;0,999999999992;0,0;0,0;0,0
gemma2-9b-it;PATH_TRAVERSAL;0;3;0;122;0,975999999992192;0,0;0,0;0,0
gemma2-9b-it;POTENTIAL_INFORMATION_DISCLOSURE_AND_CODE_INJECTION;0;0;0;125;0,999999999992;0,0;0,0;0,0
gemma2-9b-it;POTENTIAL_INFORMATION_DISCLOSURE_OR_COMMAND_INJECTION;0;0;0;125;0,999999999992;0,0;0,0;0,0
gemma2-9b-it;POTENTIAL_INFORMATION_DISCLOSURE_OR_INJECTION;0;0;0;125;0,999999999992;0,0;0,0;0,0
gemma2-9b-it;POTENTIAL_NULL_POINTER_EXCEPTION_AND_COMMAND_INJECTION;0;0;0;125;0,999999999992;0,0;0,0;0,0
gemma2-9b-it;RACE_CONDITION;0;0;0;125;0,999999999992;0,0;0,0;0,0
gemma2-9b-it;RECURSION;0;1;0;124;0,991999999992064;0,0;0,0;0,0
gemma2-9b-it;REDIRECT;0;1;0;124;0,991999999992064;0,0;0,0;0,0
gemma2-9b-it;REFLECTED_CROSS_SITE_SCRIPTING_(XSS);0;0;0;125;0,999999999992;0,0;0,0;0,0
gemma2-9b-it;REFLECTION;0;1;0;124;0,991999999992064;0,0;0,0;0,0
gemma2-9b-it;REMOTE_CODE_EXECUTION;0;0;0;125;0,999999999992;0,0;0,0;0,0
gemma2-9b-it;REMOTE_CODE_EXECUTION_(RCE);0;0;0;125;0,999999999992;0,0;0,0;0,0
gemma2-9b-it;REMOTE_CODE_INJECTION;0;0;0;125;0,999999999992;0,0;0,0;0,0
gemma2-9b-it;SENSITIVE_DATA_EXPOSURE;0;0;0;125;0,999999999992;0,0;0,0;0,0
gemma2-9b-it;SERVER_SIDE_REQUEST_FORGERY_(SSRF)_OR_REFLECTED_CROSS_SITE_SCRIPTING_(XSS);0;0;0;125;0,999999999992;0,0;0,0;0,0
gemma2-9b-it;SESSION_FIXATION;0;0;0;125;0,999999999992;0,0;0,0;0,0
gemma2-9b-it;SQL_INJECTION;0;2;0;123;0,983999999992128;0,0;0,0;0,0
gemma2-9b-it;SQL_INJECTION_/_COMMAND_INJECTION_IS_NOT_POSSIBLE_HERE,_BUT_IT_IS_A_POTENTIAL_DENIAL_OF_SERVICE_(DOS)_AND_INFORMATION_DISCLOSURE;0;0;0;125;0,999999999992;0,0;0,0;0,0
gemma2-9b-it;STATIC_INITIALIZATION_VECTOR;0;0;0;125;0,999999999992;0,0;0,0;0,0
gemma2-9b-it;THREAD_SAFETY;0;0;0;125;0,999999999992;0,0;0,0;0,0
gemma2-9b-it;THREAD_SYNCHRONIZATION;0;1;0;124;0,991999999992064;0,0;0,0;0,0
gemma2-9b-it;UNVALIDATED_REDIRECT;0;0;0;125;0,999999999992;0,0;0,0;0,0
gemma2-9b-it;XSS;0;31;0;94;0,7519999999939839;0,0;0,0;0,0
gemma2-9b-it;== GERAL (Micro Média) ==;0;276;0;8599;0,968901408450595;0,0;0,0;0,0
llama-3.1-8b-instant;...;0;125;0;0;0,0;0,0;0,0;0,0
llama-3.1-8b-instant;ALIASING;0;0;0;125;0,999999999992;0,0;0,0;0,0
llama-3.1-8b-instant;ARBITRARY_CODE_EXECUTION;0;0;0;125;0,999999999992;0,0;0,0;0,0
llama-3.1-8b-instant;ARRAY_INDEX_OUT_OF_BOUNDS;0;0;0;125;0,999999999992;0,0;0,0;0,0
llama-3.1-8b-instant;BUFFER_OVERFLOW/OUT_OF_BOUNDS_ACCESS;0;0;0;125;0,999999999992;0,0;0,0;0,0
llama-3.1-8b-instant;CLASS_LOADING;0;1;0;124;0,991999999992064;0,0;0,0;0,0
llama-3.1-8b-instant;CODE_INJECTION;0;6;0;119;0,9519999999923839;0,0;0,0;0,0
llama-3.1-8b-instant;COMMAND_INJECTION;0;32;0;93;0,743999999994048;0,0;0,0;0,0
llama-3.1-8b-instant;COMMAND_INJECTION/ARBITRARY_CODE_EXECUTION;0;0;0;125;0,999999999992;0,0;0,0;0,0
llama-3.1-8b-instant;COMMAND_INJECTION/INSECURE_DIRECT_OBJECT_REFERENCE;0;0;0;125;0,999999999992;0,0;0,0;0,0
llama-3.1-8b-instant;COMMAND_INJECTION/LACK_OF_INPUT_VALIDATION;0;0;0;125;0,999999999992;0,0;0,0;0,0
llama-3.1-8b-instant;COMMAND_INJECTION_/_POTENTIAL_INFORMATION_DISCLOSURE;0;0;0;125;0,999999999992;0,0;0,0;0,0
llama-3.1-8b-instant;CONCURRENCY_ISSUE;0;0;0;125;0,999999999992;0,0;0,0;0,0
llama-3.1-8b-instant;CROSS_SITE_SCRIPTING;0;2;0;123;0,983999999992128;0,0;0,0;0,0
llama-3.1-8b-instant;CROSS_SITE_SCRIPTING_(XSS);0;0;0;125;0,999999999992;0,0;0,0;0,0
llama-3.1-8b-instant;CWE_120;0;1;0;124;0,991999999992064;0,0;0,0;0,0
llama-3.1-8b-instant;CWE_20;0;1;0;124;0,991999999992064;0,0;0,0;0,0
llama-3.1-8b-instant;CWE_400;0;0;0;125;0,999999999992;0,0;0,0;0,0
llama-3.1-8b-instant;CWE_79;0;0;0;125;0,999999999992;0,0;0,0;0,0
llama-3.1-8b-instant;CWE_89;0;0;0;125;0,999999999992;0,0;0,0;0,0
llama-3.1-8b-instant;CWE_94;0;1;0;124;0,991999999992064;0,0;0,0;0,0
llama-3.1-8b-instant;DATA_LEAK;0;0;0;125;0,999999999992;0,0;0,0;0,0
llama-3.1-8b-instant;DENIAL_OF_SERVICE;0;2;0;123;0,983999999992128;0,0;0,0;0,0
llama-3.1-8b-instant;DENIAL_OF_SERVICE_(DOS);0;0;0;125;0,999999999992;0,0;0,0;0,0
llama-3.1-8b-instant;DESERIALIZATION;0;4;0;121;0,9679999999922559;0,0;0,0;0,0
llama-3.1-8b-instant;DESERIALIZATION_VULNERABILITY;0;0;0;125;0,999999999992;0,0;0,0;0,0
llama-3.1-8b-instant;FACTORY;0;0;0;125;0,999999999992;0,0;0,0;0,0
llama-3.1-8b-instant;HARDCODED_CREDENTIALS;0;0;0;125;0,999999999992;0,0;0,0;0,0
llama-3.1-8b-instant;IMPROPER_ERROR_HANDLING;0;0;0;125;0,999999999992;0,0;0,0;0,0
llama-3.1-8b-instant;IMPROPER_INPUT_HANDLING;0;0;0;125;0,999999999992;0,0;0,0;0,0
llama-3.1-8b-instant;IMPROPER_INPUT_VALIDATION;0;0;0;125;0,999999999992;0,0;0,0;0,0
llama-3.1-8b-instant;IMPROPER_SYNCHRONIZATION;0;0;0;125;0,999999999992;0,0;0,0;0,0
llama-3.1-8b-instant;INFORMATION_DISCLOSURE;0;29;0;96;0,7679999999938559;0,0;0,0;0,0
llama-3.1-8b-instant;INFORMATION_EXPOSURE;0;0;0;125;0,999999999992;0,0;0,0;0,0
llama-3.1-8b-instant;INFORMATION_LEAKAGE;0;0;0;125;0,999999999992;0,0;0,0;0,0
llama-3.1-8b-instant;INJECTION;0;41;0;84;0,671999999994624;0,0;0,0;0,0
llama-3.1-8b-instant;INPUT_VALIDATION;0;17;0;108;0,863999999993088;0,0;0,0;0,0
llama-3.1-8b-instant;INSECURE_DATA_STORAGE;0;0;0;125;0,999999999992;0,0;0,0;0,0
llama-3.1-8b-instant;INSECURE_DIRECT_OBJECT_REFERENCE;0;0;0;125;0,999999999992;0,0;0,0;0,0
llama-3.1-8b-instant;INSECURE_HTTP_METHOD_HANDLING;0;0;0;125;0,999999999992;0,0;0,0;0,0
llama-3.1-8b-instant;INSECURE_STORAGE_OF_SENSITIVE_DATA;0;0;0;125;0,999999999992;0,0;0,0;0,0
llama-3.1-8b-instant;INSECURE_USE_OF_SHARED_MUTABLE_STATE;0;0;0;125;0,999999999992;0,0;0,0;0,0
llama-3.1-8b-instant;INSUFFICIENT_INPUT_VALIDATION;0;0;0;125;0,999999999992;0,0;0,0;0,0
llama-3.1-8b-instant;NULL_POINTER_DEREFERENCE;0;0;0;125;0,999999999992;0,0;0,0;0,0
llama-3.1-8b-instant;OPEN_REDIRECT;0;0;0;125;0,999999999992;0,0;0,0;0,0
llama-3.1-8b-instant;OUT_OF_BOUNDS;0;0;0;125;0,999999999992;0,0;0,0;0,0
llama-3.1-8b-instant;OUT_OF_BOUNDS_WRITE;0;0;0;125;0,999999999992;0,0;0,0;0,0
llama-3.1-8b-instant;PATH_SENSITIVITY;0;0;0;125;0,999999999992;0,0;0,0;0,0
llama-3.1-8b-instant;PATH_TRAVERSAL;0;8;0;117;0,9359999999925119;0,0;0,0;0,0
llama-3.1-8b-instant;POTENTIAL_INFORMATION_DISCLOSURE_AND_CODE_INJECTION;0;0;0;125;0,999999999992;0,0;0,0;0,0
llama-3.1-8b-instant;POTENTIAL_INFORMATION_DISCLOSURE_OR_COMMAND_INJECTION;0;0;0;125;0,999999999992;0,0;0,0;0,0
llama-3.1-8b-instant;POTENTIAL_INFORMATION_DISCLOSURE_OR_INJECTION;0;0;0;125;0,999999999992;0,0;0,0;0,0
llama-3.1-8b-instant;POTENTIAL_NULL_POINTER_EXCEPTION_AND_COMMAND_INJECTION;0;0;0;125;0,999999999992;0,0;0,0;0,0
llama-3.1-8b-instant;RACE_CONDITION;0;0;0;125;0,999999999992;0,0;0,0;0,0
llama-3.1-8b-instant;RECURSION;0;0;0;125;0,999999999992;0,0;0,0;0,0
llama-3.1-8b-instant;REDIRECT;0;0;0;125;0,999999999992;0,0;0,0;0,0
llama-3.1-8b-instant;REFLECTED_CROSS_SITE_SCRIPTING_(XSS);0;0;0;125;0,999999999992;0,0;0,0;0,0
llama-3.1-8b-instant;REFLECTION;0;2;0;123;0,983999999992128;0,0;0,0;0,0
llama-3.1-8b-instant;REMOTE_CODE_EXECUTION;0;2;0;123;0,983999999992128;0,0;0,0;0,0
llama-3.1-8b-instant;REMOTE_CODE_EXECUTION_(RCE);0;0;0;125;0,999999999992;0,0;0,0;0,0
llama-3.1-8b-instant;REMOTE_CODE_INJECTION;0;0;0;125;0,999999999992;0,0;0,0;0,0
llama-3.1-8b-instant;SENSITIVE_DATA_EXPOSURE;0;0;0;125;0,999999999992;0,0;0,0;0,0
llama-3.1-8b-instant;SERVER_SIDE_REQUEST_FORGERY_(SSRF)_OR_REFLECTED_CROSS_SITE_SCRIPTING_(XSS);0;0;0;125;0,999999999992;0,0;0,0;0,0
llama-3.1-8b-instant;SESSION_FIXATION;0;0;0;125;0,999999999992;0,0;0,0;0,0
llama-3.1-8b-instant;SQL_INJECTION;0;3;0;122;0,975999999992192;0,0;0,0;0,0
llama-3.1-8b-instant;SQL_INJECTION_/_COMMAND_INJECTION_IS_NOT_POSSIBLE_HERE,_BUT_IT_IS_A_POTENTIAL_DENIAL_OF_SERVICE_(DOS)_AND_INFORMATION_DISCLOSURE;0;0;0;125;0,999999999992;0,0;0,0;0,0
llama-3.1-8b-instant;STATIC_INITIALIZATION_VECTOR;0;0;0;125;0,999999999992;0,0;0,0;0,0
llama-3.1-8b-instant;THREAD_SAFETY;0;0;0;125;0,999999999992;0,0;0,0;0,0
llama-3.1-8b-instant;THREAD_SYNCHRONIZATION;0;0;0;125;0,999999999992;0,0;0,0;0,0
llama-3.1-8b-instant;UNVALIDATED_REDIRECT;0;0;0;125;0,999999999992;0,0;0,0;0,0
llama-3.1-8b-instant;XSS;0;2;0;123;0,983999999992128;0,0;0,0;0,0
llama-3.1-8b-instant;== GERAL (Micro Média) ==;0;279;0;8596;0,968563380281581;0,0;0,0;0,0
llama-3.3-70b-versatile;...;0;81;0;0;0,0;0,0;0,0;0,0
llama-3.3-70b-versatile;ALIASING;0;0;0;81;0,9999999999876543;0,0;0,0;0,0
llama-3.3-70b-versatile;ARBITRARY_CODE_EXECUTION;0;0;0;81;0,9999999999876543;0,0;0,0;0,0
llama-3.3-70b-versatile;ARRAY_INDEX_OUT_OF_BOUNDS;0;0;0;81;0,9999999999876543;0,0;0,0;0,0
llama-3.3-70b-versatile;BUFFER_OVERFLOW/OUT_OF_BOUNDS_ACCESS;0;0;0;81;0,9999999999876543;0,0;0,0;0,0
llama-3.3-70b-versatile;CLASS_LOADING;0;0;0;81;0,9999999999876543;0,0;0,0;0,0
llama-3.3-70b-versatile;CODE_INJECTION;0;0;0;81;0,9999999999876543;0,0;0,0;0,0
llama-3.3-70b-versatile;COMMAND_INJECTION;0;0;0;81;0,9999999999876543;0,0;0,0;0,0
llama-3.3-70b-versatile;COMMAND_INJECTION/ARBITRARY_CODE_EXECUTION;0;0;0;81;0,9999999999876543;0,0;0,0;0,0
llama-3.3-70b-versatile;COMMAND_INJECTION/INSECURE_DIRECT_OBJECT_REFERENCE;0;0;0;81;0,9999999999876543;0,0;0,0;0,0
llama-3.3-70b-versatile;COMMAND_INJECTION/LACK_OF_INPUT_VALIDATION;0;0;0;81;0,9999999999876543;0,0;0,0;0,0
llama-3.3-70b-versatile;COMMAND_INJECTION_/_POTENTIAL_INFORMATION_DISCLOSURE;0;0;0;81;0,9999999999876543;0,0;0,0;0,0
llama-3.3-70b-versatile;CONCURRENCY_ISSUE;0;0;0;81;0,9999999999876543;0,0;0,0;0,0
llama-3.3-70b-versatile;CROSS_SITE_SCRIPTING;0;0;0;81;0,9999999999876543;0,0;0,0;0,0
llama-3.3-70b-versatile;CROSS_SITE_SCRIPTING_(XSS);0;0;0;81;0,9999999999876543;0,0;0,0;0,0
llama-3.3-70b-versatile;CWE_120;0;0;0;81;0,9999999999876543;0,0;0,0;0,0
llama-3.3-70b-versatile;CWE_20;0;0;0;81;0,9999999999876543;0,0;0,0;0,0
llama-3.3-70b-versatile;CWE_400;0;0;0;81;0,9999999999876543;0,0;0,0;0,0
llama-3.3-70b-versatile;CWE_79;0;0;0;81;0,9999999999876543;0,0;0,0;0,0
llama-3.3-70b-versatile;CWE_89;0;0;0;81;0,9999999999876543;0,0;0,0;0,0
llama-3.3-70b-versatile;CWE_94;0;0;0;81;0,9999999999876543;0,0;0,0;0,0
llama-3.3-70b-versatile;DATA_LEAK;0;0;0;81;0,9999999999876543;0,0;0,0;0,0
llama-3.3-70b-versatile;DENIAL_OF_SERVICE;0;0;0;81;0,9999999999876543;0,0;0,0;0,0
llama-3.3-70b-versatile;DENIAL_OF_SERVICE_(DOS);0;0;0;81;0,9999999999876543;0,0;0,0;0,0
llama-3.3-70b-versatile;DESERIALIZATION;0;0;0;81;0,9999999999876543;0,0;0,0;0,0
llama-3.3-70b-versatile;DESERIALIZATION_VULNERABILITY;0;0;0;81;0,9999999999876543;0,0;0,0;0,0
llama-3.3-70b-versatile;FACTORY;0;0;0;81;0,9999999999876543;0,0;0,0;0,0
llama-3.3-70b-versatile;HARDCODED_CREDENTIALS;0;0;0;81;0,9999999999876543;0,0;0,0;0,0
llama-3.3-70b-versatile;IMPROPER_ERROR_HANDLING;0;0;0;81;0,9999999999876543;0,0;0,0;0,0
llama-3.3-70b-versatile;IMPROPER_INPUT_HANDLING;0;0;0;81;0,9999999999876543;0,0;0,0;0,0
llama-3.3-70b-versatile;IMPROPER_INPUT_VALIDATION;0;0;0;81;0,9999999999876543;0,0;0,0;0,0
llama-3.3-70b-versatile;IMPROPER_SYNCHRONIZATION;0;0;0;81;0,9999999999876543;0,0;0,0;0,0
llama-3.3-70b-versatile;INFORMATION_DISCLOSURE;0;0;0;81;0,9999999999876543;0,0;0,0;0,0
llama-3.3-70b-versatile;INFORMATION_EXPOSURE;0;0;0;81;0,9999999999876543;0,0;0,0;0,0
llama-3.3-70b-versatile;INFORMATION_LEAKAGE;0;0;0;81;0,9999999999876543;0,0;0,0;0,0
llama-3.3-70b-versatile;INJECTION;0;0;0;81;0,9999999999876543;0,0;0,0;0,0
llama-3.3-70b-versatile;INPUT_VALIDATION;0;0;0;81;0,9999999999876543;0,0;0,0;0,0
llama-3.3-70b-versatile;INSECURE_DATA_STORAGE;0;0;0;81;0,9999999999876543;0,0;0,0;0,0
llama-3.3-70b-versatile;INSECURE_DIRECT_OBJECT_REFERENCE;0;0;0;81;0,9999999999876543;0,0;0,0;0,0
llama-3.3-70b-versatile;INSECURE_HTTP_METHOD_HANDLING;0;0;0;81;0,9999999999876543;0,0;0,0;0,0
llama-3.3-70b-versatile;INSECURE_STORAGE_OF_SENSITIVE_DATA;0;0;0;81;0,9999999999876543;0,0;0,0;0,0
llama-3.3-70b-versatile;INSECURE_USE_OF_SHARED_MUTABLE_STATE;0;0;0;81;0,9999999999876543;0,0;0,0;0,0
llama-3.3-70b-versatile;INSUFFICIENT_INPUT_VALIDATION;0;0;0;81;0,9999999999876543;0,0;0,0;0,0
llama-3.3-70b-versatile;NULL_POINTER_DEREFERENCE;0;0;0;81;0,9999999999876543;0,0;0,0;0,0
llama-3.3-70b-versatile;OPEN_REDIRECT;0;0;0;81;0,9999999999876543;0,0;0,0;0,0
llama-3.3-70b-versatile;OUT_OF_BOUNDS;0;0;0;81;0,9999999999876543;0,0;0,0;0,0
llama-3.3-70b-versatile;OUT_OF_BOUNDS_WRITE;0;0;0;81;0,9999999999876543;0,0;0,0;0,0
llama-3.3-70b-versatile;PATH_SENSITIVITY;0;0;0;81;0,9999999999876543;0,0;0,0;0,0
llama-3.3-70b-versatile;PATH_TRAVERSAL;0;0;0;81;0,9999999999876543;0,0;0,0;0,0
llama-3.3-70b-versatile;POTENTIAL_INFORMATION_DISCLOSURE_AND_CODE_INJECTION;0;0;0;81;0,9999999999876543;0,0;0,0;0,0
llama-3.3-70b-versatile;POTENTIAL_INFORMATION_DISCLOSURE_OR_COMMAND_INJECTION;0;0;0;81;0,9999999999876543;0,0;0,0;0,0
llama-3.3-70b-versatile;POTENTIAL_INFORMATION_DISCLOSURE_OR_INJECTION;0;0;0;81;0,9999999999876543;0,0;0,0;0,0
llama-3.3-70b-versatile;POTENTIAL_NULL_POINTER_EXCEPTION_AND_COMMAND_INJECTION;0;0;0;81;0,9999999999876543;0,0;0,0;0,0
llama-3.3-70b-versatile;RACE_CONDITION;0;0;0;81;0,9999999999876543;0,0;0,0;0,0
llama-3.3-70b-versatile;RECURSION;0;0;0;81;0,9999999999876543;0,0;0,0;0,0
llama-3.3-70b-versatile;REDIRECT;0;0;0;81;0,9999999999876543;0,0;0,0;0,0
llama-3.3-70b-versatile;REFLECTED_CROSS_SITE_SCRIPTING_(XSS);0;0;0;81;0,9999999999876543;0,0;0,0;0,0
llama-3.3-70b-versatile;REFLECTION;0;0;0;81;0,9999999999876543;0,0;0,0;0,0
llama-3.3-70b-versatile;REMOTE_CODE_EXECUTION;0;0;0;81;0,9999999999876543;0,0;0,0;0,0
llama-3.3-70b-versatile;REMOTE_CODE_EXECUTION_(RCE);0;0;0;81;0,9999999999876543;0,0;0,0;0,0
llama-3.3-70b-versatile;REMOTE_CODE_INJECTION;0;0;0;81;0,9999999999876543;0,0;0,0;0,0
llama-3.3-70b-versatile;SENSITIVE_DATA_EXPOSURE;0;0;0;81;0,9999999999876543;0,0;0,0;0,0
llama-3.3-70b-versatile;SERVER_SIDE_REQUEST_FORGERY_(SSRF)_OR_REFLECTED_CROSS_SITE_SCRIPTING_(XSS);0;0;0;81;0,9999999999876543;0,0;0,0;0,0
llama-3.3-70b-versatile;SESSION_FIXATION;0;0;0;81;0,9999999999876543;0,0;0,0;0,0
llama-3.3-70b-versatile;SQL_INJECTION;0;0;0;81;0,9999999999876543;0,0;0,0;0,0
llama-3.3-70b-versatile;SQL_INJECTION_/_COMMAND_INJECTION_IS_NOT_POSSIBLE_HERE,_BUT_IT_IS_A_POTENTIAL_DENIAL_OF_SERVICE_(DOS)_AND_INFORMATION_DISCLOSURE;0;0;0;81;0,9999999999876543;0,0;0,0;0,0
llama-3.3-70b-versatile;STATIC_INITIALIZATION_VECTOR;0;0;0;81;0,9999999999876543;0,0;0,0;0,0
llama-3.3-70b-versatile;THREAD_SAFETY;0;0;0;81;0,9999999999876543;0,0;0,0;0,0
llama-3.3-70b-versatile;THREAD_SYNCHRONIZATION;0;0;0;81;0,9999999999876543;0,0;0,0;0,0
llama-3.3-70b-versatile;UNVALIDATED_REDIRECT;0;0;0;81;0,9999999999876543;0,0;0,0;0,0
llama-3.3-70b-versatile;XSS;0;0;0;81;0,9999999999876543;0,0;0,0;0,0
llama-3.3-70b-versatile;== GERAL (Micro Média) ==;0;81;0;5670;0,985915492957575;0,0;0,0;0,0
llama-3.3-70b-versatile2;...;0;46;0;0;0,0;0,0;0,0;0,0
llama-3.3-70b-versatile2;ALIASING;0;0;0;46;0,999999999978261;0,0;0,0;0,0
llama-3.3-70b-versatile2;ARBITRARY_CODE_EXECUTION;0;0;0;46;0,999999999978261;0,0;0,0;0,0
llama-3.3-70b-versatile2;ARRAY_INDEX_OUT_OF_BOUNDS;0;0;0;46;0,999999999978261;0,0;0,0;0,0
llama-3.3-70b-versatile2;BUFFER_OVERFLOW/OUT_OF_BOUNDS_ACCESS;0;0;0;46;0,999999999978261;0,0;0,0;0,0
llama-3.3-70b-versatile2;CLASS_LOADING;0;0;0;46;0,999999999978261;0,0;0,0;0,0
llama-3.3-70b-versatile2;CODE_INJECTION;0;0;0;46;0,999999999978261;0,0;0,0;0,0
llama-3.3-70b-versatile2;COMMAND_INJECTION;0;0;0;46;0,999999999978261;0,0;0,0;0,0
llama-3.3-70b-versatile2;COMMAND_INJECTION/ARBITRARY_CODE_EXECUTION;0;0;0;46;0,999999999978261;0,0;0,0;0,0
llama-3.3-70b-versatile2;COMMAND_INJECTION/INSECURE_DIRECT_OBJECT_REFERENCE;0;0;0;46;0,999999999978261;0,0;0,0;0,0
llama-3.3-70b-versatile2;COMMAND_INJECTION/LACK_OF_INPUT_VALIDATION;0;0;0;46;0,999999999978261;0,0;0,0;0,0
llama-3.3-70b-versatile2;COMMAND_INJECTION_/_POTENTIAL_INFORMATION_DISCLOSURE;0;0;0;46;0,999999999978261;0,0;0,0;0,0
llama-3.3-70b-versatile2;CONCURRENCY_ISSUE;0;0;0;46;0,999999999978261;0,0;0,0;0,0
llama-3.3-70b-versatile2;CROSS_SITE_SCRIPTING;0;0;0;46;0,999999999978261;0,0;0,0;0,0
llama-3.3-70b-versatile2;CROSS_SITE_SCRIPTING_(XSS);0;0;0;46;0,999999999978261;0,0;0,0;0,0
llama-3.3-70b-versatile2;CWE_120;0;0;0;46;0,999999999978261;0,0;0,0;0,0
llama-3.3-70b-versatile2;CWE_20;0;0;0;46;0,999999999978261;0,0;0,0;0,0
llama-3.3-70b-versatile2;CWE_400;0;0;0;46;0,999999999978261;0,0;0,0;0,0
llama-3.3-70b-versatile2;CWE_79;0;0;0;46;0,999999999978261;0,0;0,0;0,0
llama-3.3-70b-versatile2;CWE_89;0;0;0;46;0,999999999978261;0,0;0,0;0,0
llama-3.3-70b-versatile2;CWE_94;0;0;0;46;0,999999999978261;0,0;0,0;0,0
llama-3.3-70b-versatile2;DATA_LEAK;0;0;0;46;0,999999999978261;0,0;0,0;0,0
llama-3.3-70b-versatile2;DENIAL_OF_SERVICE;0;0;0;46;0,999999999978261;0,0;0,0;0,0
llama-3.3-70b-versatile2;DENIAL_OF_SERVICE_(DOS);0;0;0;46;0,999999999978261;0,0;0,0;0,0
llama-3.3-70b-versatile2;DESERIALIZATION;0;0;0;46;0,999999999978261;0,0;0,0;0,0
llama-3.3-70b-versatile2;DESERIALIZATION_VULNERABILITY;0;0;0;46;0,999999999978261;0,0;0,0;0,0
llama-3.3-70b-versatile2;FACTORY;0;0;0;46;0,999999999978261;0,0;0,0;0,0
llama-3.3-70b-versatile2;HARDCODED_CREDENTIALS;0;0;0;46;0,999999999978261;0,0;0,0;0,0
llama-3.3-70b-versatile2;IMPROPER_ERROR_HANDLING;0;0;0;46;0,999999999978261;0,0;0,0;0,0
llama-3.3-70b-versatile2;IMPROPER_INPUT_HANDLING;0;0;0;46;0,999999999978261;0,0;0,0;0,0
llama-3.3-70b-versatile2;IMPROPER_INPUT_VALIDATION;0;0;0;46;0,999999999978261;0,0;0,0;0,0
llama-3.3-70b-versatile2;IMPROPER_SYNCHRONIZATION;0;0;0;46;0,999999999978261;0,0;0,0;0,0
llama-3.3-70b-versatile2;INFORMATION_DISCLOSURE;0;0;0;46;0,999999999978261;0,0;0,0;0,0
llama-3.3-70b-versatile2;INFORMATION_EXPOSURE;0;0;0;46;0,999999999978261;0,0;0,0;0,0
llama-3.3-70b-versatile2;INFORMATION_LEAKAGE;0;0;0;46;0,999999999978261;0,0;0,0;0,0
llama-3.3-70b-versatile2;INJECTION;0;0;0;46;0,999999999978261;0,0;0,0;0,0
llama-3.3-70b-versatile2;INPUT_VALIDATION;0;0;0;46;0,999999999978261;0,0;0,0;0,0
llama-3.3-70b-versatile2;INSECURE_DATA_STORAGE;0;0;0;46;0,999999999978261;0,0;0,0;0,0
llama-3.3-70b-versatile2;INSECURE_DIRECT_OBJECT_REFERENCE;0;0;0;46;0,999999999978261;0,0;0,0;0,0
llama-3.3-70b-versatile2;INSECURE_HTTP_METHOD_HANDLING;0;0;0;46;0,999999999978261;0,0;0,0;0,0
llama-3.3-70b-versatile2;INSECURE_STORAGE_OF_SENSITIVE_DATA;0;0;0;46;0,999999999978261;0,0;0,0;0,0
llama-3.3-70b-versatile2;INSECURE_USE_OF_SHARED_MUTABLE_STATE;0;0;0;46;0,999999999978261;0,0;0,0;0,0
llama-3.3-70b-versatile2;INSUFFICIENT_INPUT_VALIDATION;0;0;0;46;0,999999999978261;0,0;0,0;0,0
llama-3.3-70b-versatile2;NULL_POINTER_DEREFERENCE;0;0;0;46;0,999999999978261;0,0;0,0;0,0
llama-3.3-70b-versatile2;OPEN_REDIRECT;0;0;0;46;0,999999999978261;0,0;0,0;0,0
llama-3.3-70b-versatile2;OUT_OF_BOUNDS;0;0;0;46;0,999999999978261;0,0;0,0;0,0
llama-3.3-70b-versatile2;OUT_OF_BOUNDS_WRITE;0;0;0;46;0,999999999978261;0,0;0,0;0,0
llama-3.3-70b-versatile2;PATH_SENSITIVITY;0;0;0;46;0,999999999978261;0,0;0,0;0,0
llama-3.3-70b-versatile2;PATH_TRAVERSAL;0;0;0;46;0,999999999978261;0,0;0,0;0,0
llama-3.3-70b-versatile2;POTENTIAL_INFORMATION_DISCLOSURE_AND_CODE_INJECTION;0;0;0;46;0,999999999978261;0,0;0,0;0,0
llama-3.3-70b-versatile2;POTENTIAL_INFORMATION_DISCLOSURE_OR_COMMAND_INJECTION;0;0;0;46;0,999999999978261;0,0;0,0;0,0
llama-3.3-70b-versatile2;POTENTIAL_INFORMATION_DISCLOSURE_OR_INJECTION;0;0;0;46;0,999999999978261;0,0;0,0;0,0
llama-3.3-70b-versatile2;POTENTIAL_NULL_POINTER_EXCEPTION_AND_COMMAND_INJECTION;0;0;0;46;0,999999999978261;0,0;0,0;0,0
llama-3.3-70b-versatile2;RACE_CONDITION;0;0;0;46;0,999999999978261;0,0;0,0;0,0
llama-3.3-70b-versatile2;RECURSION;0;0;0;46;0,999999999978261;0,0;0,0;0,0
llama-3.3-70b-versatile2;REDIRECT;0;0;0;46;0,999999999978261;0,0;0,0;0,0
llama-3.3-70b-versatile2;REFLECTED_CROSS_SITE_SCRIPTING_(XSS);0;0;0;46;0,999999999978261;0,0;0,0;0,0
llama-3.3-70b-versatile2;REFLECTION;0;0;0;46;0,999999999978261;0,0;0,0;0,0
llama-3.3-70b-versatile2;REMOTE_CODE_EXECUTION;0;0;0;46;0,999999999978261;0,0;0,0;0,0
llama-3.3-70b-versatile2;REMOTE_CODE_EXECUTION_(RCE);0;0;0;46;0,999999999978261;0,0;0,0;0,0
llama-3.3-70b-versatile2;REMOTE_CODE_INJECTION;0;0;0;46;0,999999999978261;0,0;0,0;0,0
llama-3.3-70b-versatile2;SENSITIVE_DATA_EXPOSURE;0;0;0;46;0,999999999978261;0,0;0,0;0,0
llama-3.3-70b-versatile2;SERVER_SIDE_REQUEST_FORGERY_(SSRF)_OR_REFLECTED_CROSS_SITE_SCRIPTING_(XSS);0;0;0;46;0,999999999978261;0,0;0,0;0,0
llama-3.3-70b-versatile2;SESSION_FIXATION;0;0;0;46;0,999999999978261;0,0;0,0;0,0
llama-3.3-70b-versatile2;SQL_INJECTION;0;0;0;46;0,999999999978261;0,0;0,0;0,0
llama-3.3-70b-versatile2;SQL_INJECTION_/_COMMAND_INJECTION_IS_NOT_POSSIBLE_HERE,_BUT_IT_IS_A_POTENTIAL_DENIAL_OF_SERVICE_(DOS)_AND_INFORMATION_DISCLOSURE;0;0;0;46;0,999999999978261;0,0;0,0;0,0
llama-3.3-70b-versatile2;STATIC_INITIALIZATION_VECTOR;0;0;0;46;0,999999999978261;0,0;0,0;0,0
llama-3.3-70b-versatile2;THREAD_SAFETY;0;0;0;46;0,999999999978261;0,0;0,0;0,0
llama-3.3-70b-versatile2;THREAD_SYNCHRONIZATION;0;0;0;46;0,999999999978261;0,0;0,0;0,0
llama-3.3-70b-versatile2;UNVALIDATED_REDIRECT;0;0;0;46;0,999999999978261;0,0;0,0;0,0
llama-3.3-70b-versatile2;XSS;0;0;0;46;0,999999999978261;0,0;0,0;0,0
llama-3.3-70b-versatile2;== GERAL (Micro Média) ==;0;46;0;3220;0,9859154929574446;0,0;0,0;0,0
llama-guard-3-8b;...;0;0;0;125;0,999999999992;0,0;0,0;0,0
llama-guard-3-8b;ALIASING;0;0;0;125;0,999999999992;0,0;0,0;0,0
llama-guard-3-8b;ARBITRARY_CODE_EXECUTION;0;0;0;125;0,999999999992;0,0;0,0;0,0
llama-guard-3-8b;ARRAY_INDEX_OUT_OF_BOUNDS;0;0;0;125;0,999999999992;0,0;0,0;0,0
llama-guard-3-8b;BUFFER_OVERFLOW/OUT_OF_BOUNDS_ACCESS;0;0;0;125;0,999999999992;0,0;0,0;0,0
llama-guard-3-8b;CLASS_LOADING;0;0;0;125;0,999999999992;0,0;0,0;0,0
llama-guard-3-8b;CODE_INJECTION;0;0;0;125;0,999999999992;0,0;0,0;0,0
llama-guard-3-8b;COMMAND_INJECTION;0;0;0;125;0,999999999992;0,0;0,0;0,0
llama-guard-3-8b;COMMAND_INJECTION/ARBITRARY_CODE_EXECUTION;0;0;0;125;0,999999999992;0,0;0,0;0,0
llama-guard-3-8b;COMMAND_INJECTION/INSECURE_DIRECT_OBJECT_REFERENCE;0;0;0;125;0,999999999992;0,0;0,0;0,0
llama-guard-3-8b;COMMAND_INJECTION/LACK_OF_INPUT_VALIDATION;0;0;0;125;0,999999999992;0,0;0,0;0,0
llama-guard-3-8b;COMMAND_INJECTION_/_POTENTIAL_INFORMATION_DISCLOSURE;0;0;0;125;0,999999999992;0,0;0,0;0,0
llama-guard-3-8b;CONCURRENCY_ISSUE;0;0;0;125;0,999999999992;0,0;0,0;0,0
llama-guard-3-8b;CROSS_SITE_SCRIPTING;0;0;0;125;0,999999999992;0,0;0,0;0,0
llama-guard-3-8b;CROSS_SITE_SCRIPTING_(XSS);0;0;0;125;0,999999999992;0,0;0,0;0,0
llama-guard-3-8b;CWE_120;0;0;0;125;0,999999999992;0,0;0,0;0,0
llama-guard-3-8b;CWE_20;0;0;0;125;0,999999999992;0,0;0,0;0,0
llama-guard-3-8b;CWE_400;0;0;0;125;0,999999999992;0,0;0,0;0,0
llama-guard-3-8b;CWE_79;0;0;0;125;0,999999999992;0,0;0,0;0,0
llama-guard-3-8b;CWE_89;0;0;0;125;0,999999999992;0,0;0,0;0,0
llama-guard-3-8b;CWE_94;0;0;0;125;0,999999999992;0,0;0,0;0,0
llama-guard-3-8b;DATA_LEAK;0;0;0;125;0,999999999992;0,0;0,0;0,0
llama-guard-3-8b;DENIAL_OF_SERVICE;0;0;0;125;0,999999999992;0,0;0,0;0,0
llama-guard-3-8b;DENIAL_OF_SERVICE_(DOS);0;0;0;125;0,999999999992;0,0;0,0;0,0
llama-guard-3-8b;DESERIALIZATION;0;0;0;125;0,999999999992;0,0;0,0;0,0
llama-guard-3-8b;DESERIALIZATION_VULNERABILITY;0;0;0;125;0,999999999992;0,0;0,0;0,0
llama-guard-3-8b;FACTORY;0;0;0;125;0,999999999992;0,0;0,0;0,0
llama-guard-3-8b;HARDCODED_CREDENTIALS;0;0;0;125;0,999999999992;0,0;0,0;0,0
llama-guard-3-8b;IMPROPER_ERROR_HANDLING;0;0;0;125;0,999999999992;0,0;0,0;0,0
llama-guard-3-8b;IMPROPER_INPUT_HANDLING;0;0;0;125;0,999999999992;0,0;0,0;0,0
llama-guard-3-8b;IMPROPER_INPUT_VALIDATION;0;0;0;125;0,999999999992;0,0;0,0;0,0
llama-guard-3-8b;IMPROPER_SYNCHRONIZATION;0;0;0;125;0,999999999992;0,0;0,0;0,0
llama-guard-3-8b;INFORMATION_DISCLOSURE;0;0;0;125;0,999999999992;0,0;0,0;0,0
llama-guard-3-8b;INFORMATION_EXPOSURE;0;0;0;125;0,999999999992;0,0;0,0;0,0
llama-guard-3-8b;INFORMATION_LEAKAGE;0;0;0;125;0,999999999992;0,0;0,0;0,0
llama-guard-3-8b;INJECTION;0;0;0;125;0,999999999992;0,0;0,0;0,0
llama-guard-3-8b;INPUT_VALIDATION;0;0;0;125;0,999999999992;0,0;0,0;0,0
llama-guard-3-8b;INSECURE_DATA_STORAGE;0;0;0;125;0,999999999992;0,0;0,0;0,0
llama-guard-3-8b;INSECURE_DIRECT_OBJECT_REFERENCE;0;0;0;125;0,999999999992;0,0;0,0;0,0
llama-guard-3-8b;INSECURE_HTTP_METHOD_HANDLING;0;0;0;125;0,999999999992;0,0;0,0;0,0
llama-guard-3-8b;INSECURE_STORAGE_OF_SENSITIVE_DATA;0;0;0;125;0,999999999992;0,0;0,0;0,0
llama-guard-3-8b;INSECURE_USE_OF_SHARED_MUTABLE_STATE;0;0;0;125;0,999999999992;0,0;0,0;0,0
llama-guard-3-8b;INSUFFICIENT_INPUT_VALIDATION;0;0;0;125;0,999999999992;0,0;0,0;0,0
llama-guard-3-8b;NULL_POINTER_DEREFERENCE;0;0;0;125;0,999999999992;0,0;0,0;0,0
llama-guard-3-8b;OPEN_REDIRECT;0;0;0;125;0,999999999992;0,0;0,0;0,0
llama-guard-3-8b;OUT_OF_BOUNDS;0;0;0;125;0,999999999992;0,0;0,0;0,0
llama-guard-3-8b;OUT_OF_BOUNDS_WRITE;0;0;0;125;0,999999999992;0,0;0,0;0,0
llama-guard-3-8b;PATH_SENSITIVITY;0;0;0;125;0,999999999992;0,0;0,0;0,0
llama-guard-3-8b;PATH_TRAVERSAL;0;0;0;125;0,999999999992;0,0;0,0;0,0
llama-guard-3-8b;POTENTIAL_INFORMATION_DISCLOSURE_AND_CODE_INJECTION;0;0;0;125;0,999999999992;0,0;0,0;0,0
llama-guard-3-8b;POTENTIAL_INFORMATION_DISCLOSURE_OR_COMMAND_INJECTION;0;0;0;125;0,999999999992;0,0;0,0;0,0
llama-guard-3-8b;POTENTIAL_INFORMATION_DISCLOSURE_OR_INJECTION;0;0;0;125;0,999999999992;0,0;0,0;0,0
llama-guard-3-8b;POTENTIAL_NULL_POINTER_EXCEPTION_AND_COMMAND_INJECTION;0;0;0;125;0,999999999992;0,0;0,0;0,0
llama-guard-3-8b;RACE_CONDITION;0;0;0;125;0,999999999992;0,0;0,0;0,0
llama-guard-3-8b;RECURSION;0;0;0;125;0,999999999992;0,0;0,0;0,0
llama-guard-3-8b;REDIRECT;0;0;0;125;0,999999999992;0,0;0,0;0,0
llama-guard-3-8b;REFLECTED_CROSS_SITE_SCRIPTING_(XSS);0;0;0;125;0,999999999992;0,0;0,0;0,0
llama-guard-3-8b;REFLECTION;0;0;0;125;0,999999999992;0,0;0,0;0,0
llama-guard-3-8b;REMOTE_CODE_EXECUTION;0;0;0;125;0,999999999992;0,0;0,0;0,0
llama-guard-3-8b;REMOTE_CODE_EXECUTION_(RCE);0;0;0;125;0,999999999992;0,0;0,0;0,0
llama-guard-3-8b;REMOTE_CODE_INJECTION;0;0;0;125;0,999999999992;0,0;0,0;0,0
llama-guard-3-8b;SENSITIVE_DATA_EXPOSURE;0;0;0;125;0,999999999992;0,0;0,0;0,0
llama-guard-3-8b;SERVER_SIDE_REQUEST_FORGERY_(SSRF)_OR_REFLECTED_CROSS_SITE_SCRIPTING_(XSS);0;0;0;125;0,999999999992;0,0;0,0;0,0
llama-guard-3-8b;SESSION_FIXATION;0;0;0;125;0,999999999992;0,0;0,0;0,0
llama-guard-3-8b;SQL_INJECTION;0;0;0;125;0,999999999992;0,0;0,0;0,0
llama-guard-3-8b;SQL_INJECTION_/_COMMAND_INJECTION_IS_NOT_POSSIBLE_HERE,_BUT_IT_IS_A_POTENTIAL_DENIAL_OF_SERVICE_(DOS)_AND_INFORMATION_DISCLOSURE;0;0;0;125;0,999999999992;0,0;0,0;0,0
llama-guard-3-8b;STATIC_INITIALIZATION_VECTOR;0;0;0;125;0,999999999992;0,0;0,0;0,0
llama-guard-3-8b;THREAD_SAFETY;0;0;0;125;0,999999999992;0,0;0,0;0,0
llama-guard-3-8b;THREAD_SYNCHRONIZATION;0;0;0;125;0,999999999992;0,0;0,0;0,0
llama-guard-3-8b;UNVALIDATED_REDIRECT;0;0;0;125;0,999999999992;0,0;0,0;0,0
llama-guard-3-8b;XSS;0;0;0;125;0,999999999992;0,0;0,0;0,0
llama-guard-3-8b;== GERAL (Micro Média) ==;0;0;0;8875;0,9999999999998873;0,0;0,0;0,0
llama3-70b-8192;...;0;121;0;4;0,031999999999744;0,0;0,0;0,0
llama3-70b-8192;ALIASING;0;0;0;125;0,999999999992;0,0;0,0;0,0
llama3-70b-8192;ARBITRARY_CODE_EXECUTION;0;0;0;125;0,999999999992;0,0;0,0;0,0
llama3-70b-8192;ARRAY_INDEX_OUT_OF_BOUNDS;0;0;0;125;0,999999999992;0,0;0,0;0,0
llama3-70b-8192;BUFFER_OVERFLOW/OUT_OF_BOUNDS_ACCESS;0;0;0;125;0,999999999992;0,0;0,0;0,0
llama3-70b-8192;CLASS_LOADING;0;0;0;125;0,999999999992;0,0;0,0;0,0
llama3-70b-8192;CODE_INJECTION;0;0;0;125;0,999999999992;0,0;0,0;0,0
llama3-70b-8192;COMMAND_INJECTION;0;0;0;125;0,999999999992;0,0;0,0;0,0
llama3-70b-8192;COMMAND_INJECTION/ARBITRARY_CODE_EXECUTION;0;0;0;125;0,999999999992;0,0;0,0;0,0
llama3-70b-8192;COMMAND_INJECTION/INSECURE_DIRECT_OBJECT_REFERENCE;0;0;0;125;0,999999999992;0,0;0,0;0,0
llama3-70b-8192;COMMAND_INJECTION/LACK_OF_INPUT_VALIDATION;0;0;0;125;0,999999999992;0,0;0,0;0,0
llama3-70b-8192;COMMAND_INJECTION_/_POTENTIAL_INFORMATION_DISCLOSURE;0;0;0;125;0,999999999992;0,0;0,0;0,0
llama3-70b-8192;CONCURRENCY_ISSUE;0;0;0;125;0,999999999992;0,0;0,0;0,0
llama3-70b-8192;CROSS_SITE_SCRIPTING;0;2;0;123;0,983999999992128;0,0;0,0;0,0
llama3-70b-8192;CROSS_SITE_SCRIPTING_(XSS);0;0;0;125;0,999999999992;0,0;0,0;0,0
llama3-70b-8192;CWE_120;0;0;0;125;0,999999999992;0,0;0,0;0,0
llama3-70b-8192;CWE_20;0;0;0;125;0,999999999992;0,0;0,0;0,0
llama3-70b-8192;CWE_400;0;0;0;125;0,999999999992;0,0;0,0;0,0
llama3-70b-8192;CWE_79;0;0;0;125;0,999999999992;0,0;0,0;0,0
llama3-70b-8192;CWE_89;0;0;0;125;0,999999999992;0,0;0,0;0,0
llama3-70b-8192;CWE_94;0;0;0;125;0,999999999992;0,0;0,0;0,0
llama3-70b-8192;DATA_LEAK;0;0;0;125;0,999999999992;0,0;0,0;0,0
llama3-70b-8192;DENIAL_OF_SERVICE;0;0;0;125;0,999999999992;0,0;0,0;0,0
llama3-70b-8192;DENIAL_OF_SERVICE_(DOS);0;0;0;125;0,999999999992;0,0;0,0;0,0
llama3-70b-8192;DESERIALIZATION;0;0;0;125;0,999999999992;0,0;0,0;0,0
llama3-70b-8192;DESERIALIZATION_VULNERABILITY;0;0;0;125;0,999999999992;0,0;0,0;0,0
llama3-70b-8192;FACTORY;0;0;0;125;0,999999999992;0,0;0,0;0,0
llama3-70b-8192;HARDCODED_CREDENTIALS;0;0;0;125;0,999999999992;0,0;0,0;0,0
llama3-70b-8192;IMPROPER_ERROR_HANDLING;0;0;0;125;0,999999999992;0,0;0,0;0,0
llama3-70b-8192;IMPROPER_INPUT_HANDLING;0;0;0;125;0,999999999992;0,0;0,0;0,0
llama3-70b-8192;IMPROPER_INPUT_VALIDATION;0;0;0;125;0,999999999992;0,0;0,0;0,0
llama3-70b-8192;IMPROPER_SYNCHRONIZATION;0;0;0;125;0,999999999992;0,0;0,0;0,0
llama3-70b-8192;INFORMATION_DISCLOSURE;0;0;0;125;0,999999999992;0,0;0,0;0,0
llama3-70b-8192;INFORMATION_EXPOSURE;0;0;0;125;0,999999999992;0,0;0,0;0,0
llama3-70b-8192;INFORMATION_LEAKAGE;0;0;0;125;0,999999999992;0,0;0,0;0,0
llama3-70b-8192;INJECTION;0;0;0;125;0,999999999992;0,0;0,0;0,0
llama3-70b-8192;INPUT_VALIDATION;0;0;0;125;0,999999999992;0,0;0,0;0,0
llama3-70b-8192;INSECURE_DATA_STORAGE;0;0;0;125;0,999999999992;0,0;0,0;0,0
llama3-70b-8192;INSECURE_DIRECT_OBJECT_REFERENCE;0;0;0;125;0,999999999992;0,0;0,0;0,0
llama3-70b-8192;INSECURE_HTTP_METHOD_HANDLING;0;0;0;125;0,999999999992;0,0;0,0;0,0
llama3-70b-8192;INSECURE_STORAGE_OF_SENSITIVE_DATA;0;0;0;125;0,999999999992;0,0;0,0;0,0
llama3-70b-8192;INSECURE_USE_OF_SHARED_MUTABLE_STATE;0;0;0;125;0,999999999992;0,0;0,0;0,0
llama3-70b-8192;INSUFFICIENT_INPUT_VALIDATION;0;0;0;125;0,999999999992;0,0;0,0;0,0
llama3-70b-8192;NULL_POINTER_DEREFERENCE;0;0;0;125;0,999999999992;0,0;0,0;0,0
llama3-70b-8192;OPEN_REDIRECT;0;0;0;125;0,999999999992;0,0;0,0;0,0
llama3-70b-8192;OUT_OF_BOUNDS;0;0;0;125;0,999999999992;0,0;0,0;0,0
llama3-70b-8192;OUT_OF_BOUNDS_WRITE;0;0;0;125;0,999999999992;0,0;0,0;0,0
llama3-70b-8192;PATH_SENSITIVITY;0;0;0;125;0,999999999992;0,0;0,0;0,0
llama3-70b-8192;PATH_TRAVERSAL;0;0;0;125;0,999999999992;0,0;0,0;0,0
llama3-70b-8192;POTENTIAL_INFORMATION_DISCLOSURE_AND_CODE_INJECTION;0;0;0;125;0,999999999992;0,0;0,0;0,0
llama3-70b-8192;POTENTIAL_INFORMATION_DISCLOSURE_OR_COMMAND_INJECTION;0;0;0;125;0,999999999992;0,0;0,0;0,0
llama3-70b-8192;POTENTIAL_INFORMATION_DISCLOSURE_OR_INJECTION;0;0;0;125;0,999999999992;0,0;0,0;0,0
llama3-70b-8192;POTENTIAL_NULL_POINTER_EXCEPTION_AND_COMMAND_INJECTION;0;0;0;125;0,999999999992;0,0;0,0;0,0
llama3-70b-8192;RACE_CONDITION;0;0;0;125;0,999999999992;0,0;0,0;0,0
llama3-70b-8192;RECURSION;0;0;0;125;0,999999999992;0,0;0,0;0,0
llama3-70b-8192;REDIRECT;0;0;0;125;0,999999999992;0,0;0,0;0,0
llama3-70b-8192;REFLECTED_CROSS_SITE_SCRIPTING_(XSS);0;0;0;125;0,999999999992;0,0;0,0;0,0
llama3-70b-8192;REFLECTION;0;0;0;125;0,999999999992;0,0;0,0;0,0
llama3-70b-8192;REMOTE_CODE_EXECUTION;0;0;0;125;0,999999999992;0,0;0,0;0,0
llama3-70b-8192;REMOTE_CODE_EXECUTION_(RCE);0;0;0;125;0,999999999992;0,0;0,0;0,0
llama3-70b-8192;REMOTE_CODE_INJECTION;0;0;0;125;0,999999999992;0,0;0,0;0,0
llama3-70b-8192;SENSITIVE_DATA_EXPOSURE;0;0;0;125;0,999999999992;0,0;0,0;0,0
llama3-70b-8192;SERVER_SIDE_REQUEST_FORGERY_(SSRF)_OR_REFLECTED_CROSS_SITE_SCRIPTING_(XSS);0;0;0;125;0,999999999992;0,0;0,0;0,0
llama3-70b-8192;SESSION_FIXATION;0;0;0;125;0,999999999992;0,0;0,0;0,0
llama3-70b-8192;SQL_INJECTION;0;0;0;125;0,999999999992;0,0;0,0;0,0
llama3-70b-8192;SQL_INJECTION_/_COMMAND_INJECTION_IS_NOT_POSSIBLE_HERE,_BUT_IT_IS_A_POTENTIAL_DENIAL_OF_SERVICE_(DOS)_AND_INFORMATION_DISCLOSURE;0;0;0;125;0,999999999992;0,0;0,0;0,0
llama3-70b-8192;STATIC_INITIALIZATION_VECTOR;0;0;0;125;0,999999999992;0,0;0,0;0,0
llama3-70b-8192;THREAD_SAFETY;0;0;0;125;0,999999999992;0,0;0,0;0,0
llama3-70b-8192;THREAD_SYNCHRONIZATION;0;0;0;125;0,999999999992;0,0;0,0;0,0
llama3-70b-8192;UNVALIDATED_REDIRECT;0;0;0;125;0,999999999992;0,0;0,0;0,0
llama3-70b-8192;XSS;0;2;0;123;0,983999999992128;0,0;0,0;0,0
llama3-70b-8192;== GERAL (Micro Média) ==;0;125;0;8750;0,9859154929576354;0,0;0,0;0,0
llama3-8b-8192;...;0;125;0;0;0,0;0,0;0,0;0,0
llama3-8b-8192;ALIASING;0;1;0;124;0,991999999992064;0,0;0,0;0,0
llama3-8b-8192;ARBITRARY_CODE_EXECUTION;0;0;0;125;0,999999999992;0,0;0,0;0,0
llama3-8b-8192;ARRAY_INDEX_OUT_OF_BOUNDS;0;1;0;124;0,991999999992064;0,0;0,0;0,0
llama3-8b-8192;BUFFER_OVERFLOW/OUT_OF_BOUNDS_ACCESS;0;0;0;125;0,999999999992;0,0;0,0;0,0
llama3-8b-8192;CLASS_LOADING;0;0;0;125;0,999999999992;0,0;0,0;0,0
llama3-8b-8192;CODE_INJECTION;0;1;0;124;0,991999999992064;0,0;0,0;0,0
llama3-8b-8192;COMMAND_INJECTION;0;0;0;125;0,999999999992;0,0;0,0;0,0
llama3-8b-8192;COMMAND_INJECTION/ARBITRARY_CODE_EXECUTION;0;0;0;125;0,999999999992;0,0;0,0;0,0
llama3-8b-8192;COMMAND_INJECTION/INSECURE_DIRECT_OBJECT_REFERENCE;0;0;0;125;0,999999999992;0,0;0,0;0,0
llama3-8b-8192;COMMAND_INJECTION/LACK_OF_INPUT_VALIDATION;0;0;0;125;0,999999999992;0,0;0,0;0,0
llama3-8b-8192;COMMAND_INJECTION_/_POTENTIAL_INFORMATION_DISCLOSURE;0;0;0;125;0,999999999992;0,0;0,0;0,0
llama3-8b-8192;CONCURRENCY_ISSUE;0;0;0;125;0,999999999992;0,0;0,0;0,0
llama3-8b-8192;CROSS_SITE_SCRIPTING;0;6;0;119;0,9519999999923839;0,0;0,0;0,0
llama3-8b-8192;CROSS_SITE_SCRIPTING_(XSS);0;0;0;125;0,999999999992;0,0;0,0;0,0
llama3-8b-8192;CWE_120;0;0;0;125;0,999999999992;0,0;0,0;0,0
llama3-8b-8192;CWE_20;0;0;0;125;0,999999999992;0,0;0,0;0,0
llama3-8b-8192;CWE_400;0;0;0;125;0,999999999992;0,0;0,0;0,0
llama3-8b-8192;CWE_79;0;0;0;125;0,999999999992;0,0;0,0;0,0
llama3-8b-8192;CWE_89;0;0;0;125;0,999999999992;0,0;0,0;0,0
llama3-8b-8192;CWE_94;0;0;0;125;0,999999999992;0,0;0,0;0,0
llama3-8b-8192;DATA_LEAK;0;0;0;125;0,999999999992;0,0;0,0;0,0
llama3-8b-8192;DENIAL_OF_SERVICE;0;0;0;125;0,999999999992;0,0;0,0;0,0
llama3-8b-8192;DENIAL_OF_SERVICE_(DOS);0;0;0;125;0,999999999992;0,0;0,0;0,0
llama3-8b-8192;DESERIALIZATION;0;0;0;125;0,999999999992;0,0;0,0;0,0
llama3-8b-8192;DESERIALIZATION_VULNERABILITY;0;0;0;125;0,999999999992;0,0;0,0;0,0
llama3-8b-8192;FACTORY;0;0;0;125;0,999999999992;0,0;0,0;0,0
llama3-8b-8192;HARDCODED_CREDENTIALS;0;0;0;125;0,999999999992;0,0;0,0;0,0
llama3-8b-8192;IMPROPER_ERROR_HANDLING;0;0;0;125;0,999999999992;0,0;0,0;0,0
llama3-8b-8192;IMPROPER_INPUT_HANDLING;0;0;0;125;0,999999999992;0,0;0,0;0,0
llama3-8b-8192;IMPROPER_INPUT_VALIDATION;0;0;0;125;0,999999999992;0,0;0,0;0,0
llama3-8b-8192;IMPROPER_SYNCHRONIZATION;0;0;0;125;0,999999999992;0,0;0,0;0,0
llama3-8b-8192;INFORMATION_DISCLOSURE;0;2;0;123;0,983999999992128;0,0;0,0;0,0
llama3-8b-8192;INFORMATION_EXPOSURE;0;0;0;125;0,999999999992;0,0;0,0;0,0
llama3-8b-8192;INFORMATION_LEAKAGE;0;0;0;125;0,999999999992;0,0;0,0;0,0
llama3-8b-8192;INJECTION;0;26;0;99;0,791999999993664;0,0;0,0;0,0
llama3-8b-8192;INPUT_VALIDATION;0;0;0;125;0,999999999992;0,0;0,0;0,0
llama3-8b-8192;INSECURE_DATA_STORAGE;0;0;0;125;0,999999999992;0,0;0,0;0,0
llama3-8b-8192;INSECURE_DIRECT_OBJECT_REFERENCE;0;0;0;125;0,999999999992;0,0;0,0;0,0
llama3-8b-8192;INSECURE_HTTP_METHOD_HANDLING;0;0;0;125;0,999999999992;0,0;0,0;0,0
llama3-8b-8192;INSECURE_STORAGE_OF_SENSITIVE_DATA;0;0;0;125;0,999999999992;0,0;0,0;0,0
llama3-8b-8192;INSECURE_USE_OF_SHARED_MUTABLE_STATE;0;0;0;125;0,999999999992;0,0;0,0;0,0
llama3-8b-8192;INSUFFICIENT_INPUT_VALIDATION;0;0;0;125;0,999999999992;0,0;0,0;0,0
llama3-8b-8192;NULL_POINTER_DEREFERENCE;0;0;0;125;0,999999999992;0,0;0,0;0,0
llama3-8b-8192;OPEN_REDIRECT;0;0;0;125;0,999999999992;0,0;0,0;0,0
llama3-8b-8192;OUT_OF_BOUNDS;0;1;0;124;0,991999999992064;0,0;0,0;0,0
llama3-8b-8192;OUT_OF_BOUNDS_WRITE;0;0;0;125;0,999999999992;0,0;0,0;0,0
llama3-8b-8192;PATH_SENSITIVITY;0;0;0;125;0,999999999992;0,0;0,0;0,0
llama3-8b-8192;PATH_TRAVERSAL;0;4;0;121;0,9679999999922559;0,0;0,0;0,0
llama3-8b-8192;POTENTIAL_INFORMATION_DISCLOSURE_AND_CODE_INJECTION;0;0;0;125;0,999999999992;0,0;0,0;0,0
llama3-8b-8192;POTENTIAL_INFORMATION_DISCLOSURE_OR_COMMAND_INJECTION;0;0;0;125;0,999999999992;0,0;0,0;0,0
llama3-8b-8192;POTENTIAL_INFORMATION_DISCLOSURE_OR_INJECTION;0;0;0;125;0,999999999992;0,0;0,0;0,0
llama3-8b-8192;POTENTIAL_NULL_POINTER_EXCEPTION_AND_COMMAND_INJECTION;0;0;0;125;0,999999999992;0,0;0,0;0,0
llama3-8b-8192;RACE_CONDITION;0;0;0;125;0,999999999992;0,0;0,0;0,0
llama3-8b-8192;RECURSION;0;0;0;125;0,999999999992;0,0;0,0;0,0
llama3-8b-8192;REDIRECT;0;0;0;125;0,999999999992;0,0;0,0;0,0
llama3-8b-8192;REFLECTED_CROSS_SITE_SCRIPTING_(XSS);0;0;0;125;0,999999999992;0,0;0,0;0,0
llama3-8b-8192;REFLECTION;0;0;0;125;0,999999999992;0,0;0,0;0,0
llama3-8b-8192;REMOTE_CODE_EXECUTION;0;5;0;120;0,95999999999232;0,0;0,0;0,0
llama3-8b-8192;REMOTE_CODE_EXECUTION_(RCE);0;0;0;125;0,999999999992;0,0;0,0;0,0
llama3-8b-8192;REMOTE_CODE_INJECTION;0;0;0;125;0,999999999992;0,0;0,0;0,0
llama3-8b-8192;SENSITIVE_DATA_EXPOSURE;0;0;0;125;0,999999999992;0,0;0,0;0,0
llama3-8b-8192;SERVER_SIDE_REQUEST_FORGERY_(SSRF)_OR_REFLECTED_CROSS_SITE_SCRIPTING_(XSS);0;0;0;125;0,999999999992;0,0;0,0;0,0
llama3-8b-8192;SESSION_FIXATION;0;0;0;125;0,999999999992;0,0;0,0;0,0
llama3-8b-8192;SQL_INJECTION;0;25;0;100;0,7999999999935999;0,0;0,0;0,0
llama3-8b-8192;SQL_INJECTION_/_COMMAND_INJECTION_IS_NOT_POSSIBLE_HERE,_BUT_IT_IS_A_POTENTIAL_DENIAL_OF_SERVICE_(DOS)_AND_INFORMATION_DISCLOSURE;0;0;0;125;0,999999999992;0,0;0,0;0,0
llama3-8b-8192;STATIC_INITIALIZATION_VECTOR;0;0;0;125;0,999999999992;0,0;0,0;0,0
llama3-8b-8192;THREAD_SAFETY;0;0;0;125;0,999999999992;0,0;0,0;0,0
llama3-8b-8192;THREAD_SYNCHRONIZATION;0;0;0;125;0,999999999992;0,0;0,0;0,0
llama3-8b-8192;UNVALIDATED_REDIRECT;0;0;0;125;0,999999999992;0,0;0,0;0,0
llama3-8b-8192;XSS;0;6;0;119;0,9519999999923839;0,0;0,0;0,0
llama3-8b-8192;== GERAL (Micro Média) ==;0;203;0;8672;0,9771267605632701;0,0;0,0;0,0
meta-llama-Llama-Guard-4-12B;...;0;0;0;125;0,999999999992;0,0;0,0;0,0
meta-llama-Llama-Guard-4-12B;ALIASING;0;0;0;125;0,999999999992;0,0;0,0;0,0
meta-llama-Llama-Guard-4-12B;ARBITRARY_CODE_EXECUTION;0;0;0;125;0,999999999992;0,0;0,0;0,0
meta-llama-Llama-Guard-4-12B;ARRAY_INDEX_OUT_OF_BOUNDS;0;0;0;125;0,999999999992;0,0;0,0;0,0
meta-llama-Llama-Guard-4-12B;BUFFER_OVERFLOW/OUT_OF_BOUNDS_ACCESS;0;0;0;125;0,999999999992;0,0;0,0;0,0
meta-llama-Llama-Guard-4-12B;CLASS_LOADING;0;0;0;125;0,999999999992;0,0;0,0;0,0
meta-llama-Llama-Guard-4-12B;CODE_INJECTION;0;0;0;125;0,999999999992;0,0;0,0;0,0
meta-llama-Llama-Guard-4-12B;COMMAND_INJECTION;0;0;0;125;0,999999999992;0,0;0,0;0,0
meta-llama-Llama-Guard-4-12B;COMMAND_INJECTION/ARBITRARY_CODE_EXECUTION;0;0;0;125;0,999999999992;0,0;0,0;0,0
meta-llama-Llama-Guard-4-12B;COMMAND_INJECTION/INSECURE_DIRECT_OBJECT_REFERENCE;0;0;0;125;0,999999999992;0,0;0,0;0,0
meta-llama-Llama-Guard-4-12B;COMMAND_INJECTION/LACK_OF_INPUT_VALIDATION;0;0;0;125;0,999999999992;0,0;0,0;0,0
meta-llama-Llama-Guard-4-12B;COMMAND_INJECTION_/_POTENTIAL_INFORMATION_DISCLOSURE;0;0;0;125;0,999999999992;0,0;0,0;0,0
meta-llama-Llama-Guard-4-12B;CONCURRENCY_ISSUE;0;0;0;125;0,999999999992;0,0;0,0;0,0
meta-llama-Llama-Guard-4-12B;CROSS_SITE_SCRIPTING;0;0;0;125;0,999999999992;0,0;0,0;0,0
meta-llama-Llama-Guard-4-12B;CROSS_SITE_SCRIPTING_(XSS);0;0;0;125;0,999999999992;0,0;0,0;0,0
meta-llama-Llama-Guard-4-12B;CWE_120;0;0;0;125;0,999999999992;0,0;0,0;0,0
meta-llama-Llama-Guard-4-12B;CWE_20;0;0;0;125;0,999999999992;0,0;0,0;0,0
meta-llama-Llama-Guard-4-12B;CWE_400;0;0;0;125;0,999999999992;0,0;0,0;0,0
meta-llama-Llama-Guard-4-12B;CWE_79;0;0;0;125;0,999999999992;0,0;0,0;0,0
meta-llama-Llama-Guard-4-12B;CWE_89;0;0;0;125;0,999999999992;0,0;0,0;0,0
meta-llama-Llama-Guard-4-12B;CWE_94;0;0;0;125;0,999999999992;0,0;0,0;0,0
meta-llama-Llama-Guard-4-12B;DATA_LEAK;0;0;0;125;0,999999999992;0,0;0,0;0,0
meta-llama-Llama-Guard-4-12B;DENIAL_OF_SERVICE;0;0;0;125;0,999999999992;0,0;0,0;0,0
meta-llama-Llama-Guard-4-12B;DENIAL_OF_SERVICE_(DOS);0;0;0;125;0,999999999992;0,0;0,0;0,0
meta-llama-Llama-Guard-4-12B;DESERIALIZATION;0;0;0;125;0,999999999992;0,0;0,0;0,0
meta-llama-Llama-Guard-4-12B;DESERIALIZATION_VULNERABILITY;0;0;0;125;0,999999999992;0,0;0,0;0,0
meta-llama-Llama-Guard-4-12B;FACTORY;0;0;0;125;0,999999999992;0,0;0,0;0,0
meta-llama-Llama-Guard-4-12B;HARDCODED_CREDENTIALS;0;0;0;125;0,999999999992;0,0;0,0;0,0
meta-llama-Llama-Guard-4-12B;IMPROPER_ERROR_HANDLING;0;0;0;125;0,999999999992;0,0;0,0;0,0
meta-llama-Llama-Guard-4-12B;IMPROPER_INPUT_HANDLING;0;0;0;125;0,999999999992;0,0;0,0;0,0
meta-llama-Llama-Guard-4-12B;IMPROPER_INPUT_VALIDATION;0;0;0;125;0,999999999992;0,0;0,0;0,0
meta-llama-Llama-Guard-4-12B;IMPROPER_SYNCHRONIZATION;0;0;0;125;0,999999999992;0,0;0,0;0,0
meta-llama-Llama-Guard-4-12B;INFORMATION_DISCLOSURE;0;0;0;125;0,999999999992;0,0;0,0;0,0
meta-llama-Llama-Guard-4-12B;INFORMATION_EXPOSURE;0;0;0;125;0,999999999992;0,0;0,0;0,0
meta-llama-Llama-Guard-4-12B;INFORMATION_LEAKAGE;0;0;0;125;0,999999999992;0,0;0,0;0,0
meta-llama-Llama-Guard-4-12B;INJECTION;0;0;0;125;0,999999999992;0,0;0,0;0,0
meta-llama-Llama-Guard-4-12B;INPUT_VALIDATION;0;0;0;125;0,999999999992;0,0;0,0;0,0
meta-llama-Llama-Guard-4-12B;INSECURE_DATA_STORAGE;0;0;0;125;0,999999999992;0,0;0,0;0,0
meta-llama-Llama-Guard-4-12B;INSECURE_DIRECT_OBJECT_REFERENCE;0;0;0;125;0,999999999992;0,0;0,0;0,0
meta-llama-Llama-Guard-4-12B;INSECURE_HTTP_METHOD_HANDLING;0;0;0;125;0,999999999992;0,0;0,0;0,0
meta-llama-Llama-Guard-4-12B;INSECURE_STORAGE_OF_SENSITIVE_DATA;0;0;0;125;0,999999999992;0,0;0,0;0,0
meta-llama-Llama-Guard-4-12B;INSECURE_USE_OF_SHARED_MUTABLE_STATE;0;0;0;125;0,999999999992;0,0;0,0;0,0
meta-llama-Llama-Guard-4-12B;INSUFFICIENT_INPUT_VALIDATION;0;0;0;125;0,999999999992;0,0;0,0;0,0
meta-llama-Llama-Guard-4-12B;NULL_POINTER_DEREFERENCE;0;0;0;125;0,999999999992;0,0;0,0;0,0
meta-llama-Llama-Guard-4-12B;OPEN_REDIRECT;0;0;0;125;0,999999999992;0,0;0,0;0,0
meta-llama-Llama-Guard-4-12B;OUT_OF_BOUNDS;0;0;0;125;0,999999999992;0,0;0,0;0,0
meta-llama-Llama-Guard-4-12B;OUT_OF_BOUNDS_WRITE;0;0;0;125;0,999999999992;0,0;0,0;0,0
meta-llama-Llama-Guard-4-12B;PATH_SENSITIVITY;0;0;0;125;0,999999999992;0,0;0,0;0,0
meta-llama-Llama-Guard-4-12B;PATH_TRAVERSAL;0;0;0;125;0,999999999992;0,0;0,0;0,0
meta-llama-Llama-Guard-4-12B;POTENTIAL_INFORMATION_DISCLOSURE_AND_CODE_INJECTION;0;0;0;125;0,999999999992;0,0;0,0;0,0
meta-llama-Llama-Guard-4-12B;POTENTIAL_INFORMATION_DISCLOSURE_OR_COMMAND_INJECTION;0;0;0;125;0,999999999992;0,0;0,0;0,0
meta-llama-Llama-Guard-4-12B;POTENTIAL_INFORMATION_DISCLOSURE_OR_INJECTION;0;0;0;125;0,999999999992;0,0;0,0;0,0
meta-llama-Llama-Guard-4-12B;POTENTIAL_NULL_POINTER_EXCEPTION_AND_COMMAND_INJECTION;0;0;0;125;0,999999999992;0,0;0,0;0,0
meta-llama-Llama-Guard-4-12B;RACE_CONDITION;0;0;0;125;0,999999999992;0,0;0,0;0,0
meta-llama-Llama-Guard-4-12B;RECURSION;0;0;0;125;0,999999999992;0,0;0,0;0,0
meta-llama-Llama-Guard-4-12B;REDIRECT;0;0;0;125;0,999999999992;0,0;0,0;0,0
meta-llama-Llama-Guard-4-12B;REFLECTED_CROSS_SITE_SCRIPTING_(XSS);0;0;0;125;0,999999999992;0,0;0,0;0,0
meta-llama-Llama-Guard-4-12B;REFLECTION;0;0;0;125;0,999999999992;0,0;0,0;0,0
meta-llama-Llama-Guard-4-12B;REMOTE_CODE_EXECUTION;0;0;0;125;0,999999999992;0,0;0,0;0,0
meta-llama-Llama-Guard-4-12B;REMOTE_CODE_EXECUTION_(RCE);0;0;0;125;0,999999999992;0,0;0,0;0,0
meta-llama-Llama-Guard-4-12B;REMOTE_CODE_INJECTION;0;0;0;125;0,999999999992;0,0;0,0;0,0
meta-llama-Llama-Guard-4-12B;SENSITIVE_DATA_EXPOSURE;0;0;0;125;0,999999999992;0,0;0,0;0,0
meta-llama-Llama-Guard-4-12B;SERVER_SIDE_REQUEST_FORGERY_(SSRF)_OR_REFLECTED_CROSS_SITE_SCRIPTING_(XSS);0;0;0;125;0,999999999992;0,0;0,0;0,0
meta-llama-Llama-Guard-4-12B;SESSION_FIXATION;0;0;0;125;0,999999999992;0,0;0,0;0,0
meta-llama-Llama-Guard-4-12B;SQL_INJECTION;0;0;0;125;0,999999999992;0,0;0,0;0,0
meta-llama-Llama-Guard-4-12B;SQL_INJECTION_/_COMMAND_INJECTION_IS_NOT_POSSIBLE_HERE,_BUT_IT_IS_A_POTENTIAL_DENIAL_OF_SERVICE_(DOS)_AND_INFORMATION_DISCLOSURE;0;0;0;125;0,999999999992;0,0;0,0;0,0
meta-llama-Llama-Guard-4-12B;STATIC_INITIALIZATION_VECTOR;0;0;0;125;0,999999999992;0,0;0,0;0,0
meta-llama-Llama-Guard-4-12B;THREAD_SAFETY;0;0;0;125;0,999999999992;0,0;0,0;0,0
meta-llama-Llama-Guard-4-12B;THREAD_SYNCHRONIZATION;0;0;0;125;0,999999999992;0,0;0,0;0,0
meta-llama-Llama-Guard-4-12B;UNVALIDATED_REDIRECT;0;0;0;125;0,999999999992;0,0;0,0;0,0
meta-llama-Llama-Guard-4-12B;XSS;0;0;0;125;0,999999999992;0,0;0,0;0,0
meta-llama-Llama-Guard-4-12B;== GERAL (Micro Média) ==;0;0;0;8875;0,9999999999998873;0,0;0,0;0,0
meta-llama-llama-4-maverick-17b-128e-instruct;...;0;125;0;0;0,0;0,0;0,0;0,0
meta-llama-llama-4-maverick-17b-128e-instruct;ALIASING;0;0;0;125;0,999999999992;0,0;0,0;0,0
meta-llama-llama-4-maverick-17b-128e-instruct;ARBITRARY_CODE_EXECUTION;0;0;0;125;0,999999999992;0,0;0,0;0,0
meta-llama-llama-4-maverick-17b-128e-instruct;ARRAY_INDEX_OUT_OF_BOUNDS;0;0;0;125;0,999999999992;0,0;0,0;0,0
meta-llama-llama-4-maverick-17b-128e-instruct;BUFFER_OVERFLOW/OUT_OF_BOUNDS_ACCESS;0;0;0;125;0,999999999992;0,0;0,0;0,0
meta-llama-llama-4-maverick-17b-128e-instruct;CLASS_LOADING;0;0;0;125;0,999999999992;0,0;0,0;0,0
meta-llama-llama-4-maverick-17b-128e-instruct;CODE_INJECTION;0;0;0;125;0,999999999992;0,0;0,0;0,0
meta-llama-llama-4-maverick-17b-128e-instruct;COMMAND_INJECTION;0;0;0;125;0,999999999992;0,0;0,0;0,0
meta-llama-llama-4-maverick-17b-128e-instruct;COMMAND_INJECTION/ARBITRARY_CODE_EXECUTION;0;0;0;125;0,999999999992;0,0;0,0;0,0
meta-llama-llama-4-maverick-17b-128e-instruct;COMMAND_INJECTION/INSECURE_DIRECT_OBJECT_REFERENCE;0;0;0;125;0,999999999992;0,0;0,0;0,0
meta-llama-llama-4-maverick-17b-128e-instruct;COMMAND_INJECTION/LACK_OF_INPUT_VALIDATION;0;0;0;125;0,999999999992;0,0;0,0;0,0
meta-llama-llama-4-maverick-17b-128e-instruct;COMMAND_INJECTION_/_POTENTIAL_INFORMATION_DISCLOSURE;0;0;0;125;0,999999999992;0,0;0,0;0,0
meta-llama-llama-4-maverick-17b-128e-instruct;CONCURRENCY_ISSUE;0;0;0;125;0,999999999992;0,0;0,0;0,0
meta-llama-llama-4-maverick-17b-128e-instruct;CROSS_SITE_SCRIPTING;0;6;0;119;0,9519999999923839;0,0;0,0;0,0
meta-llama-llama-4-maverick-17b-128e-instruct;CROSS_SITE_SCRIPTING_(XSS);0;0;0;125;0,999999999992;0,0;0,0;0,0
meta-llama-llama-4-maverick-17b-128e-instruct;CWE_120;0;0;0;125;0,999999999992;0,0;0,0;0,0
meta-llama-llama-4-maverick-17b-128e-instruct;CWE_20;0;0;0;125;0,999999999992;0,0;0,0;0,0
meta-llama-llama-4-maverick-17b-128e-instruct;CWE_400;0;0;0;125;0,999999999992;0,0;0,0;0,0
meta-llama-llama-4-maverick-17b-128e-instruct;CWE_79;0;0;0;125;0,999999999992;0,0;0,0;0,0
meta-llama-llama-4-maverick-17b-128e-instruct;CWE_89;0;0;0;125;0,999999999992;0,0;0,0;0,0
meta-llama-llama-4-maverick-17b-128e-instruct;CWE_94;0;0;0;125;0,999999999992;0,0;0,0;0,0
meta-llama-llama-4-maverick-17b-128e-instruct;DATA_LEAK;0;0;0;125;0,999999999992;0,0;0,0;0,0
meta-llama-llama-4-maverick-17b-128e-instruct;DENIAL_OF_SERVICE;0;0;0;125;0,999999999992;0,0;0,0;0,0
meta-llama-llama-4-maverick-17b-128e-instruct;DENIAL_OF_SERVICE_(DOS);0;0;0;125;0,999999999992;0,0;0,0;0,0
meta-llama-llama-4-maverick-17b-128e-instruct;DESERIALIZATION;0;0;0;125;0,999999999992;0,0;0,0;0,0
meta-llama-llama-4-maverick-17b-128e-instruct;DESERIALIZATION_VULNERABILITY;0;0;0;125;0,999999999992;0,0;0,0;0,0
meta-llama-llama-4-maverick-17b-128e-instruct;FACTORY;0;0;0;125;0,999999999992;0,0;0,0;0,0
meta-llama-llama-4-maverick-17b-128e-instruct;HARDCODED_CREDENTIALS;0;1;0;124;0,991999999992064;0,0;0,0;0,0
meta-llama-llama-4-maverick-17b-128e-instruct;IMPROPER_ERROR_HANDLING;0;0;0;125;0,999999999992;0,0;0,0;0,0
meta-llama-llama-4-maverick-17b-128e-instruct;IMPROPER_INPUT_HANDLING;0;0;0;125;0,999999999992;0,0;0,0;0,0
meta-llama-llama-4-maverick-17b-128e-instruct;IMPROPER_INPUT_VALIDATION;0;0;0;125;0,999999999992;0,0;0,0;0,0
meta-llama-llama-4-maverick-17b-128e-instruct;IMPROPER_SYNCHRONIZATION;0;0;0;125;0,999999999992;0,0;0,0;0,0
meta-llama-llama-4-maverick-17b-128e-instruct;INFORMATION_DISCLOSURE;0;0;0;125;0,999999999992;0,0;0,0;0,0
meta-llama-llama-4-maverick-17b-128e-instruct;INFORMATION_EXPOSURE;0;0;0;125;0,999999999992;0,0;0,0;0,0
meta-llama-llama-4-maverick-17b-128e-instruct;INFORMATION_LEAKAGE;0;0;0;125;0,999999999992;0,0;0,0;0,0
meta-llama-llama-4-maverick-17b-128e-instruct;INJECTION;0;2;0;123;0,983999999992128;0,0;0,0;0,0
meta-llama-llama-4-maverick-17b-128e-instruct;INPUT_VALIDATION;0;0;0;125;0,999999999992;0,0;0,0;0,0
meta-llama-llama-4-maverick-17b-128e-instruct;INSECURE_DATA_STORAGE;0;0;0;125;0,999999999992;0,0;0,0;0,0
meta-llama-llama-4-maverick-17b-128e-instruct;INSECURE_DIRECT_OBJECT_REFERENCE;0;0;0;125;0,999999999992;0,0;0,0;0,0
meta-llama-llama-4-maverick-17b-128e-instruct;INSECURE_HTTP_METHOD_HANDLING;0;0;0;125;0,999999999992;0,0;0,0;0,0
meta-llama-llama-4-maverick-17b-128e-instruct;INSECURE_STORAGE_OF_SENSITIVE_DATA;0;0;0;125;0,999999999992;0,0;0,0;0,0
meta-llama-llama-4-maverick-17b-128e-instruct;INSECURE_USE_OF_SHARED_MUTABLE_STATE;0;0;0;125;0,999999999992;0,0;0,0;0,0
meta-llama-llama-4-maverick-17b-128e-instruct;INSUFFICIENT_INPUT_VALIDATION;0;0;0;125;0,999999999992;0,0;0,0;0,0
meta-llama-llama-4-maverick-17b-128e-instruct;NULL_POINTER_DEREFERENCE;0;0;0;125;0,999999999992;0,0;0,0;0,0
meta-llama-llama-4-maverick-17b-128e-instruct;OPEN_REDIRECT;0;0;0;125;0,999999999992;0,0;0,0;0,0
meta-llama-llama-4-maverick-17b-128e-instruct;OUT_OF_BOUNDS;0;0;0;125;0,999999999992;0,0;0,0;0,0
meta-llama-llama-4-maverick-17b-128e-instruct;OUT_OF_BOUNDS_WRITE;0;0;0;125;0,999999999992;0,0;0,0;0,0
meta-llama-llama-4-maverick-17b-128e-instruct;PATH_SENSITIVITY;0;0;0;125;0,999999999992;0,0;0,0;0,0
meta-llama-llama-4-maverick-17b-128e-instruct;PATH_TRAVERSAL;0;2;0;123;0,983999999992128;0,0;0,0;0,0
meta-llama-llama-4-maverick-17b-128e-instruct;POTENTIAL_INFORMATION_DISCLOSURE_AND_CODE_INJECTION;0;0;0;125;0,999999999992;0,0;0,0;0,0
meta-llama-llama-4-maverick-17b-128e-instruct;POTENTIAL_INFORMATION_DISCLOSURE_OR_COMMAND_INJECTION;0;0;0;125;0,999999999992;0,0;0,0;0,0
meta-llama-llama-4-maverick-17b-128e-instruct;POTENTIAL_INFORMATION_DISCLOSURE_OR_INJECTION;0;0;0;125;0,999999999992;0,0;0,0;0,0
meta-llama-llama-4-maverick-17b-128e-instruct;POTENTIAL_NULL_POINTER_EXCEPTION_AND_COMMAND_INJECTION;0;0;0;125;0,999999999992;0,0;0,0;0,0
meta-llama-llama-4-maverick-17b-128e-instruct;RACE_CONDITION;0;0;0;125;0,999999999992;0,0;0,0;0,0
meta-llama-llama-4-maverick-17b-128e-instruct;RECURSION;0;0;0;125;0,999999999992;0,0;0,0;0,0
meta-llama-llama-4-maverick-17b-128e-instruct;REDIRECT;0;0;0;125;0,999999999992;0,0;0,0;0,0
meta-llama-llama-4-maverick-17b-128e-instruct;REFLECTED_CROSS_SITE_SCRIPTING_(XSS);0;0;0;125;0,999999999992;0,0;0,0;0,0
meta-llama-llama-4-maverick-17b-128e-instruct;REFLECTION;0;0;0;125;0,999999999992;0,0;0,0;0,0
meta-llama-llama-4-maverick-17b-128e-instruct;REMOTE_CODE_EXECUTION;0;0;0;125;0,999999999992;0,0;0,0;0,0
meta-llama-llama-4-maverick-17b-128e-instruct;REMOTE_CODE_EXECUTION_(RCE);0;0;0;125;0,999999999992;0,0;0,0;0,0
meta-llama-llama-4-maverick-17b-128e-instruct;REMOTE_CODE_INJECTION;0;0;0;125;0,999999999992;0,0;0,0;0,0
meta-llama-llama-4-maverick-17b-128e-instruct;SENSITIVE_DATA_EXPOSURE;0;0;0;125;0,999999999992;0,0;0,0;0,0
meta-llama-llama-4-maverick-17b-128e-instruct;SERVER_SIDE_REQUEST_FORGERY_(SSRF)_OR_REFLECTED_CROSS_SITE_SCRIPTING_(XSS);0;0;0;125;0,999999999992;0,0;0,0;0,0
meta-llama-llama-4-maverick-17b-128e-instruct;SESSION_FIXATION;0;0;0;125;0,999999999992;0,0;0,0;0,0
meta-llama-llama-4-maverick-17b-128e-instruct;SQL_INJECTION;0;2;0;123;0,983999999992128;0,0;0,0;0,0
meta-llama-llama-4-maverick-17b-128e-instruct;SQL_INJECTION_/_COMMAND_INJECTION_IS_NOT_POSSIBLE_HERE,_BUT_IT_IS_A_POTENTIAL_DENIAL_OF_SERVICE_(DOS)_AND_INFORMATION_DISCLOSURE;0;0;0;125;0,999999999992;0,0;0,0;0,0
meta-llama-llama-4-maverick-17b-128e-instruct;STATIC_INITIALIZATION_VECTOR;0;0;0;125;0,999999999992;0,0;0,0;0,0
meta-llama-llama-4-maverick-17b-128e-instruct;THREAD_SAFETY;0;0;0;125;0,999999999992;0,0;0,0;0,0
meta-llama-llama-4-maverick-17b-128e-instruct;THREAD_SYNCHRONIZATION;0;0;0;125;0,999999999992;0,0;0,0;0,0
meta-llama-llama-4-maverick-17b-128e-instruct;UNVALIDATED_REDIRECT;0;0;0;125;0,999999999992;0,0;0,0;0,0
meta-llama-llama-4-maverick-17b-128e-instruct;XSS;0;6;0;119;0,9519999999923839;0,0;0,0;0,0
meta-llama-llama-4-maverick-17b-128e-instruct;== GERAL (Micro Média) ==;0;144;0;8731;0,983774647887213;0,0;0,0;0,0
meta-llama-llama-4-scout-17b-16e-instruct;...;0;125;0;0;0,0;0,0;0,0;0,0
meta-llama-llama-4-scout-17b-16e-instruct;ALIASING;0;0;0;125;0,999999999992;0,0;0,0;0,0
meta-llama-llama-4-scout-17b-16e-instruct;ARBITRARY_CODE_EXECUTION;0;2;0;123;0,983999999992128;0,0;0,0;0,0
meta-llama-llama-4-scout-17b-16e-instruct;ARRAY_INDEX_OUT_OF_BOUNDS;0;0;0;125;0,999999999992;0,0;0,0;0,0
meta-llama-llama-4-scout-17b-16e-instruct;BUFFER_OVERFLOW/OUT_OF_BOUNDS_ACCESS;0;1;0;124;0,991999999992064;0,0;0,0;0,0
meta-llama-llama-4-scout-17b-16e-instruct;CLASS_LOADING;0;0;0;125;0,999999999992;0,0;0,0;0,0
meta-llama-llama-4-scout-17b-16e-instruct;CODE_INJECTION;0;2;0;123;0,983999999992128;0,0;0,0;0,0
meta-llama-llama-4-scout-17b-16e-instruct;COMMAND_INJECTION;0;10;0;115;0,9199999999926399;0,0;0,0;0,0
meta-llama-llama-4-scout-17b-16e-instruct;COMMAND_INJECTION/ARBITRARY_CODE_EXECUTION;0;1;0;124;0,991999999992064;0,0;0,0;0,0
meta-llama-llama-4-scout-17b-16e-instruct;COMMAND_INJECTION/INSECURE_DIRECT_OBJECT_REFERENCE;0;1;0;124;0,991999999992064;0,0;0,0;0,0
meta-llama-llama-4-scout-17b-16e-instruct;COMMAND_INJECTION/LACK_OF_INPUT_VALIDATION;0;1;0;124;0,991999999992064;0,0;0,0;0,0
meta-llama-llama-4-scout-17b-16e-instruct;COMMAND_INJECTION_/_POTENTIAL_INFORMATION_DISCLOSURE;0;1;0;124;0,991999999992064;0,0;0,0;0,0
meta-llama-llama-4-scout-17b-16e-instruct;CONCURRENCY_ISSUE;0;0;0;125;0,999999999992;0,0;0,0;0,0
meta-llama-llama-4-scout-17b-16e-instruct;CROSS_SITE_SCRIPTING;0;24;0;101;0,807999999993536;0,0;0,0;0,0
meta-llama-llama-4-scout-17b-16e-instruct;CROSS_SITE_SCRIPTING_(XSS);0;0;0;125;0,999999999992;0,0;0,0;0,0
meta-llama-llama-4-scout-17b-16e-instruct;CWE_120;0;0;0;125;0,999999999992;0,0;0,0;0,0
meta-llama-llama-4-scout-17b-16e-instruct;CWE_20;0;0;0;125;0,999999999992;0,0;0,0;0,0
meta-llama-llama-4-scout-17b-16e-instruct;CWE_400;0;2;0;123;0,983999999992128;0,0;0,0;0,0
meta-llama-llama-4-scout-17b-16e-instruct;CWE_79;0;0;0;125;0,999999999992;0,0;0,0;0,0
meta-llama-llama-4-scout-17b-16e-instruct;CWE_89;0;1;0;124;0,991999999992064;0,0;0,0;0,0
meta-llama-llama-4-scout-17b-16e-instruct;CWE_94;0;0;0;125;0,999999999992;0,0;0,0;0,0
meta-llama-llama-4-scout-17b-16e-instruct;DATA_LEAK;0;0;0;125;0,999999999992;0,0;0,0;0,0
meta-llama-llama-4-scout-17b-16e-instruct;DENIAL_OF_SERVICE;0;9;0;116;0,927999999992576;0,0;0,0;0,0
meta-llama-llama-4-scout-17b-16e-instruct;DENIAL_OF_SERVICE_(DOS);0;0;0;125;0,999999999992;0,0;0,0;0,0
meta-llama-llama-4-scout-17b-16e-instruct;DESERIALIZATION;0;1;0;124;0,991999999992064;0,0;0,0;0,0
meta-llama-llama-4-scout-17b-16e-instruct;DESERIALIZATION_VULNERABILITY;0;1;0;124;0,991999999992064;0,0;0,0;0,0
meta-llama-llama-4-scout-17b-16e-instruct;FACTORY;0;0;0;125;0,999999999992;0,0;0,0;0,0
meta-llama-llama-4-scout-17b-16e-instruct;HARDCODED_CREDENTIALS;0;1;0;124;0,991999999992064;0,0;0,0;0,0
meta-llama-llama-4-scout-17b-16e-instruct;IMPROPER_ERROR_HANDLING;0;0;0;125;0,999999999992;0,0;0,0;0,0
meta-llama-llama-4-scout-17b-16e-instruct;IMPROPER_INPUT_HANDLING;0;0;0;125;0,999999999992;0,0;0,0;0,0
meta-llama-llama-4-scout-17b-16e-instruct;IMPROPER_INPUT_VALIDATION;0;0;0;125;0,999999999992;0,0;0,0;0,0
meta-llama-llama-4-scout-17b-16e-instruct;IMPROPER_SYNCHRONIZATION;0;0;0;125;0,999999999992;0,0;0,0;0,0
meta-llama-llama-4-scout-17b-16e-instruct;INFORMATION_DISCLOSURE;0;19;0;106;0,847999999993216;0,0;0,0;0,0
meta-llama-llama-4-scout-17b-16e-instruct;INFORMATION_EXPOSURE;0;0;0;125;0,999999999992;0,0;0,0;0,0
meta-llama-llama-4-scout-17b-16e-instruct;INFORMATION_LEAKAGE;0;0;0;125;0,999999999992;0,0;0,0;0,0
meta-llama-llama-4-scout-17b-16e-instruct;INJECTION;0;39;0;86;0,687999999994496;0,0;0,0;0,0
meta-llama-llama-4-scout-17b-16e-instruct;INPUT_VALIDATION;0;1;0;124;0,991999999992064;0,0;0,0;0,0
meta-llama-llama-4-scout-17b-16e-instruct;INSECURE_DATA_STORAGE;0;1;0;124;0,991999999992064;0,0;0,0;0,0
meta-llama-llama-4-scout-17b-16e-instruct;INSECURE_DIRECT_OBJECT_REFERENCE;0;3;0;122;0,975999999992192;0,0;0,0;0,0
meta-llama-llama-4-scout-17b-16e-instruct;INSECURE_HTTP_METHOD_HANDLING;0;1;0;124;0,991999999992064;0,0;0,0;0,0
meta-llama-llama-4-scout-17b-16e-instruct;INSECURE_STORAGE_OF_SENSITIVE_DATA;0;0;0;125;0,999999999992;0,0;0,0;0,0
meta-llama-llama-4-scout-17b-16e-instruct;INSECURE_USE_OF_SHARED_MUTABLE_STATE;0;0;0;125;0,999999999992;0,0;0,0;0,0
meta-llama-llama-4-scout-17b-16e-instruct;INSUFFICIENT_INPUT_VALIDATION;0;0;0;125;0,999999999992;0,0;0,0;0,0
meta-llama-llama-4-scout-17b-16e-instruct;NULL_POINTER_DEREFERENCE;0;0;0;125;0,999999999992;0,0;0,0;0,0
meta-llama-llama-4-scout-17b-16e-instruct;OPEN_REDIRECT;0;1;0;124;0,991999999992064;0,0;0,0;0,0
meta-llama-llama-4-scout-17b-16e-instruct;OUT_OF_BOUNDS;0;0;0;125;0,999999999992;0,0;0,0;0,0
meta-llama-llama-4-scout-17b-16e-instruct;OUT_OF_BOUNDS_WRITE;0;0;0;125;0,999999999992;0,0;0,0;0,0
meta-llama-llama-4-scout-17b-16e-instruct;PATH_SENSITIVITY;0;1;0;124;0,991999999992064;0,0;0,0;0,0
meta-llama-llama-4-scout-17b-16e-instruct;PATH_TRAVERSAL;0;5;0;120;0,95999999999232;0,0;0,0;0,0
meta-llama-llama-4-scout-17b-16e-instruct;POTENTIAL_INFORMATION_DISCLOSURE_AND_CODE_INJECTION;0;1;0;124;0,991999999992064;0,0;0,0;0,0
meta-llama-llama-4-scout-17b-16e-instruct;POTENTIAL_INFORMATION_DISCLOSURE_OR_COMMAND_INJECTION;0;1;0;124;0,991999999992064;0,0;0,0;0,0
meta-llama-llama-4-scout-17b-16e-instruct;POTENTIAL_INFORMATION_DISCLOSURE_OR_INJECTION;0;1;0;124;0,991999999992064;0,0;0,0;0,0
meta-llama-llama-4-scout-17b-16e-instruct;POTENTIAL_NULL_POINTER_EXCEPTION_AND_COMMAND_INJECTION;0;1;0;124;0,991999999992064;0,0;0,0;0,0
meta-llama-llama-4-scout-17b-16e-instruct;RACE_CONDITION;0;2;0;123;0,983999999992128;0,0;0,0;0,0
meta-llama-llama-4-scout-17b-16e-instruct;RECURSION;0;0;0;125;0,999999999992;0,0;0,0;0,0
meta-llama-llama-4-scout-17b-16e-instruct;REDIRECT;0;1;0;124;0,991999999992064;0,0;0,0;0,0
meta-llama-llama-4-scout-17b-16e-instruct;REFLECTED_CROSS_SITE_SCRIPTING_(XSS);0;0;0;125;0,999999999992;0,0;0,0;0,0
meta-llama-llama-4-scout-17b-16e-instruct;REFLECTION;0;2;0;123;0,983999999992128;0,0;0,0;0,0
meta-llama-llama-4-scout-17b-16e-instruct;REMOTE_CODE_EXECUTION;0;0;0;125;0,999999999992;0,0;0,0;0,0
meta-llama-llama-4-scout-17b-16e-instruct;REMOTE_CODE_EXECUTION_(RCE);0;0;0;125;0,999999999992;0,0;0,0;0,0
meta-llama-llama-4-scout-17b-16e-instruct;REMOTE_CODE_INJECTION;0;1;0;124;0,991999999992064;0,0;0,0;0,0
meta-llama-llama-4-scout-17b-16e-instruct;SENSITIVE_DATA_EXPOSURE;0;1;0;124;0,991999999992064;0,0;0,0;0,0
meta-llama-llama-4-scout-17b-16e-instruct;SERVER_SIDE_REQUEST_FORGERY_(SSRF)_OR_REFLECTED_CROSS_SITE_SCRIPTING_(XSS);0;0;0;125;0,999999999992;0,0;0,0;0,0
meta-llama-llama-4-scout-17b-16e-instruct;SESSION_FIXATION;0;0;0;125;0,999999999992;0,0;0,0;0,0
meta-llama-llama-4-scout-17b-16e-instruct;SQL_INJECTION;0;4;0;121;0,9679999999922559;0,0;0,0;0,0
meta-llama-llama-4-scout-17b-16e-instruct;SQL_INJECTION_/_COMMAND_INJECTION_IS_NOT_POSSIBLE_HERE,_BUT_IT_IS_A_POTENTIAL_DENIAL_OF_SERVICE_(DOS)_AND_INFORMATION_DISCLOSURE;0;0;0;125;0,999999999992;0,0;0,0;0,0
meta-llama-llama-4-scout-17b-16e-instruct;STATIC_INITIALIZATION_VECTOR;0;2;0;123;0,983999999992128;0,0;0,0;0,0
meta-llama-llama-4-scout-17b-16e-instruct;THREAD_SAFETY;0;0;0;125;0,999999999992;0,0;0,0;0,0
meta-llama-llama-4-scout-17b-16e-instruct;THREAD_SYNCHRONIZATION;0;0;0;125;0,999999999992;0,0;0,0;0,0
meta-llama-llama-4-scout-17b-16e-instruct;UNVALIDATED_REDIRECT;0;0;0;125;0,999999999992;0,0;0,0;0,0
meta-llama-llama-4-scout-17b-16e-instruct;XSS;0;24;0;101;0,807999999993536;0,0;0,0;0,0
meta-llama-llama-4-scout-17b-16e-instruct;== GERAL (Micro Média) ==;0;295;0;8580;0,9667605633801727;0,0;0,0;0,0
qwen-qwq-32b;...;0;116;0;9;0,071999999999424;0,0;0,0;0,0
qwen-qwq-32b;ALIASING;0;0;0;125;0,999999999992;0,0;0,0;0,0
qwen-qwq-32b;ARBITRARY_CODE_EXECUTION;0;0;0;125;0,999999999992;0,0;0,0;0,0
qwen-qwq-32b;ARRAY_INDEX_OUT_OF_BOUNDS;0;0;0;125;0,999999999992;0,0;0,0;0,0
qwen-qwq-32b;BUFFER_OVERFLOW/OUT_OF_BOUNDS_ACCESS;0;0;0;125;0,999999999992;0,0;0,0;0,0
qwen-qwq-32b;CLASS_LOADING;0;0;0;125;0,999999999992;0,0;0,0;0,0
qwen-qwq-32b;CODE_INJECTION;0;0;0;125;0,999999999992;0,0;0,0;0,0
qwen-qwq-32b;COMMAND_INJECTION;0;0;0;125;0,999999999992;0,0;0,0;0,0
qwen-qwq-32b;COMMAND_INJECTION/ARBITRARY_CODE_EXECUTION;0;0;0;125;0,999999999992;0,0;0,0;0,0
qwen-qwq-32b;COMMAND_INJECTION/INSECURE_DIRECT_OBJECT_REFERENCE;0;0;0;125;0,999999999992;0,0;0,0;0,0
qwen-qwq-32b;COMMAND_INJECTION/LACK_OF_INPUT_VALIDATION;0;0;0;125;0,999999999992;0,0;0,0;0,0
qwen-qwq-32b;COMMAND_INJECTION_/_POTENTIAL_INFORMATION_DISCLOSURE;0;0;0;125;0,999999999992;0,0;0,0;0,0
qwen-qwq-32b;CONCURRENCY_ISSUE;0;0;0;125;0,999999999992;0,0;0,0;0,0
qwen-qwq-32b;CROSS_SITE_SCRIPTING;0;9;0;116;0,927999999992576;0,0;0,0;0,0
qwen-qwq-32b;CROSS_SITE_SCRIPTING_(XSS);0;0;0;125;0,999999999992;0,0;0,0;0,0
qwen-qwq-32b;CWE_120;0;0;0;125;0,999999999992;0,0;0,0;0,0
qwen-qwq-32b;CWE_20;0;0;0;125;0,999999999992;0,0;0,0;0,0
qwen-qwq-32b;CWE_400;0;0;0;125;0,999999999992;0,0;0,0;0,0
qwen-qwq-32b;CWE_79;0;0;0;125;0,999999999992;0,0;0,0;0,0
qwen-qwq-32b;CWE_89;0;0;0;125;0,999999999992;0,0;0,0;0,0
qwen-qwq-32b;CWE_94;0;0;0;125;0,999999999992;0,0;0,0;0,0
qwen-qwq-32b;DATA_LEAK;0;0;0;125;0,999999999992;0,0;0,0;0,0
qwen-qwq-32b;DENIAL_OF_SERVICE;0;0;0;125;0,999999999992;0,0;0,0;0,0
qwen-qwq-32b;DENIAL_OF_SERVICE_(DOS);0;0;0;125;0,999999999992;0,0;0,0;0,0
qwen-qwq-32b;DESERIALIZATION;0;0;0;125;0,999999999992;0,0;0,0;0,0
qwen-qwq-32b;DESERIALIZATION_VULNERABILITY;0;0;0;125;0,999999999992;0,0;0,0;0,0
qwen-qwq-32b;FACTORY;0;0;0;125;0,999999999992;0,0;0,0;0,0
qwen-qwq-32b;HARDCODED_CREDENTIALS;0;1;0;124;0,991999999992064;0,0;0,0;0,0
qwen-qwq-32b;IMPROPER_ERROR_HANDLING;0;0;0;125;0,999999999992;0,0;0,0;0,0
qwen-qwq-32b;IMPROPER_INPUT_HANDLING;0;0;0;125;0,999999999992;0,0;0,0;0,0
qwen-qwq-32b;IMPROPER_INPUT_VALIDATION;0;0;0;125;0,999999999992;0,0;0,0;0,0
qwen-qwq-32b;IMPROPER_SYNCHRONIZATION;0;0;0;125;0,999999999992;0,0;0,0;0,0
qwen-qwq-32b;INFORMATION_DISCLOSURE;0;3;0;122;0,975999999992192;0,0;0,0;0,0
qwen-qwq-32b;INFORMATION_EXPOSURE;0;1;0;124;0,991999999992064;0,0;0,0;0,0
qwen-qwq-32b;INFORMATION_LEAKAGE;0;0;0;125;0,999999999992;0,0;0,0;0,0
qwen-qwq-32b;INJECTION;0;1;0;124;0,991999999992064;0,0;0,0;0,0
qwen-qwq-32b;INPUT_VALIDATION;0;0;0;125;0,999999999992;0,0;0,0;0,0
qwen-qwq-32b;INSECURE_DATA_STORAGE;0;0;0;125;0,999999999992;0,0;0,0;0,0
qwen-qwq-32b;INSECURE_DIRECT_OBJECT_REFERENCE;0;0;0;125;0,999999999992;0,0;0,0;0,0
qwen-qwq-32b;INSECURE_HTTP_METHOD_HANDLING;0;0;0;125;0,999999999992;0,0;0,0;0,0
qwen-qwq-32b;INSECURE_STORAGE_OF_SENSITIVE_DATA;0;0;0;125;0,999999999992;0,0;0,0;0,0
qwen-qwq-32b;INSECURE_USE_OF_SHARED_MUTABLE_STATE;0;0;0;125;0,999999999992;0,0;0,0;0,0
qwen-qwq-32b;INSUFFICIENT_INPUT_VALIDATION;0;0;0;125;0,999999999992;0,0;0,0;0,0
qwen-qwq-32b;NULL_POINTER_DEREFERENCE;0;0;0;125;0,999999999992;0,0;0,0;0,0
qwen-qwq-32b;OPEN_REDIRECT;0;0;0;125;0,999999999992;0,0;0,0;0,0
qwen-qwq-32b;OUT_OF_BOUNDS;0;0;0;125;0,999999999992;0,0;0,0;0,0
qwen-qwq-32b;OUT_OF_BOUNDS_WRITE;0;0;0;125;0,999999999992;0,0;0,0;0,0
qwen-qwq-32b;PATH_SENSITIVITY;0;0;0;125;0,999999999992;0,0;0,0;0,0
qwen-qwq-32b;PATH_TRAVERSAL;0;0;0;125;0,999999999992;0,0;0,0;0,0
qwen-qwq-32b;POTENTIAL_INFORMATION_DISCLOSURE_AND_CODE_INJECTION;0;0;0;125;0,999999999992;0,0;0,0;0,0
qwen-qwq-32b;POTENTIAL_INFORMATION_DISCLOSURE_OR_COMMAND_INJECTION;0;0;0;125;0,999999999992;0,0;0,0;0,0
qwen-qwq-32b;POTENTIAL_INFORMATION_DISCLOSURE_OR_INJECTION;0;0;0;125;0,999999999992;0,0;0,0;0,0
qwen-qwq-32b;POTENTIAL_NULL_POINTER_EXCEPTION_AND_COMMAND_INJECTION;0;0;0;125;0,999999999992;0,0;0,0;0,0
qwen-qwq-32b;RACE_CONDITION;0;0;0;125;0,999999999992;0,0;0,0;0,0
qwen-qwq-32b;RECURSION;0;0;0;125;0,999999999992;0,0;0,0;0,0
qwen-qwq-32b;REDIRECT;0;0;0;125;0,999999999992;0,0;0,0;0,0
qwen-qwq-32b;REFLECTED_CROSS_SITE_SCRIPTING_(XSS);0;0;0;125;0,999999999992;0,0;0,0;0,0
qwen-qwq-32b;REFLECTION;0;0;0;125;0,999999999992;0,0;0,0;0,0
qwen-qwq-32b;REMOTE_CODE_EXECUTION;0;0;0;125;0,999999999992;0,0;0,0;0,0
qwen-qwq-32b;REMOTE_CODE_EXECUTION_(RCE);0;0;0;125;0,999999999992;0,0;0,0;0,0
qwen-qwq-32b;REMOTE_CODE_INJECTION;0;0;0;125;0,999999999992;0,0;0,0;0,0
qwen-qwq-32b;SENSITIVE_DATA_EXPOSURE;0;0;0;125;0,999999999992;0,0;0,0;0,0
qwen-qwq-32b;SERVER_SIDE_REQUEST_FORGERY_(SSRF)_OR_REFLECTED_CROSS_SITE_SCRIPTING_(XSS);0;0;0;125;0,999999999992;0,0;0,0;0,0
qwen-qwq-32b;SESSION_FIXATION;0;0;0;125;0,999999999992;0,0;0,0;0,0
qwen-qwq-32b;SQL_INJECTION;0;1;0;124;0,991999999992064;0,0;0,0;0,0
qwen-qwq-32b;SQL_INJECTION_/_COMMAND_INJECTION_IS_NOT_POSSIBLE_HERE,_BUT_IT_IS_A_POTENTIAL_DENIAL_OF_SERVICE_(DOS)_AND_INFORMATION_DISCLOSURE;0;0;0;125;0,999999999992;0,0;0,0;0,0
qwen-qwq-32b;STATIC_INITIALIZATION_VECTOR;0;0;0;125;0,999999999992;0,0;0,0;0,0
qwen-qwq-32b;THREAD_SAFETY;0;0;0;125;0,999999999992;0,0;0,0;0,0
qwen-qwq-32b;THREAD_SYNCHRONIZATION;0;0;0;125;0,999999999992;0,0;0,0;0,0
qwen-qwq-32b;UNVALIDATED_REDIRECT;0;0;0;125;0,999999999992;0,0;0,0;0,0
qwen-qwq-32b;XSS;0;18;0;107;0,855999999993152;0,0;0,0;0,0
qwen-qwq-32b;== GERAL (Micro Média) ==;0;150;0;8725;0,983098591549185;0,0;0,0;0,0
